ID,Entity
0,U_1
1,I_3408
2,I_48
3,I_2018
4,I_1028
5,I_2692
6,I_914
7,I_2294
8,I_3105
9,I_745
10,I_1035
11,I_2355
12,I_1566
13,I_1022
14,I_1721
15,I_720
16,I_1836
17,I_594
18,I_2797
19,I_2321
20,I_938
21,I_3186
22,I_783
23,I_1029
24,I_1246
25,I_1961
26,I_2791
27,I_1207
28,I_527
29,I_661
30,I_2687
31,I_1962
32,I_2918
33,I_919
34,I_260
35,I_2762
36,I_531
37,I_3114
38,I_595
39,I_1907
40,I_1193
41,I_608
42,I_1
43,U_2
44,I_1103
45,I_2268
46,I_3147
47,I_515
48,I_2067
49,I_165
50,I_1873
51,I_356
52,I_736
53,I_3108
54,I_2359
55,I_2501
56,I_349
57,I_318
58,I_480
59,I_2628
60,I_3809
61,I_1792
62,I_1244
63,I_1084
64,I_1610
65,I_3035
66,I_1834
67,I_589
68,I_2943
69,I_3654
70,I_2312
71,I_1124
72,I_442
73,I_920
74,I_647
75,I_3107
76,I_1253
77,I_498
78,I_1188
79,I_3334
80,I_1690
81,I_459
82,I_902
83,I_2427
84,I_1385
85,I_2858
86,I_2717
87,I_2194
88,I_1955
89,I_368
90,I_95
91,I_1198
92,I_163
93,I_1968
94,I_1372
95,I_982
96,I_1537
97,I_1096
98,I_1225
99,I_1784
100,I_1953
101,I_2916
102,I_2881
103,I_1213
104,I_1917
105,I_1247
106,I_235
107,I_1265
108,I_3257
109,I_1370
110,I_1245
111,I_2126
112,I_590
113,I_3256
114,I_3893
115,I_434
116,I_1945
117,I_1544
118,I_3068
119,I_3578
120,I_1357
121,I_1597
122,I_110
123,I_1090
124,I_3468
125,I_1210
126,I_1442
127,I_1552
128,I_3699
129,I_1196
130,I_3030
131,I_3418
132,I_2028
133,I_457
134,I_1217
135,I_1293
136,I_1687
137,I_3071
138,I_2278
139,I_2236
140,I_1408
141,U_3
142,I_1394
143,I_733
144,I_1580
145,I_2617
146,I_552
147,I_648
148,I_3552
149,I_1259
150,I_3534
151,I_1379
152,I_2997
153,I_2081
154,I_1431
155,I_3421
156,I_1641
157,I_1266
158,I_1270
159,I_2470
160,I_3868
161,I_2871
162,I_1261
163,I_1079
164,I_1291
165,I_2167
166,I_1304
167,I_653
168,I_1197
169,I_1049
170,I_2115
171,I_2006
172,I_593
173,U_4
174,I_2951
175,I_2366
176,I_1240
177,I_1387
178,I_3527
179,I_1214
180,I_3702
181,I_1036
182,I_2947
183,I_1097
184,U_5
185,I_16
186,I_1653
187,I_3728
188,I_2188
189,I_3100
190,I_1250
191,I_2159
192,I_1734
193,I_377
194,I_1171
195,I_2599
196,I_1912
197,I_1884
198,I_1719
199,I_2029
200,I_1089
201,I_3079
202,I_1527
203,I_265
204,I_2282
205,I_229
206,I_800
207,I_3016
208,I_2683
209,I_2337
210,I_2806
211,I_714
212,I_2959
213,I_3267
214,I_288
215,I_2987
216,I_215
217,I_461
218,I_3176
219,I_968
220,I_6
221,I_2428
222,I_3513
223,I_1095
224,I_3744
225,I_1635
226,I_2770
227,I_3786
228,I_3624
229,I_2318
230,I_994
231,I_224
232,I_3260
233,I_728
234,I_2437
235,I_2395
236,I_1909
237,I_1392
238,I_1554
239,I_3499
240,I_1733
241,I_3046
242,I_3266
243,I_176
244,I_3249
245,I_272
246,I_1500
247,I_551
248,I_2734
249,I_348
250,I_353
251,I_1449
252,I_321
253,I_2607
254,I_1722
255,I_1683
256,I_1732
257,I_3051
258,I_2721
259,I_1509
260,I_1529
261,I_2013
262,I_1684
263,I_1513
264,I_1517
265,I_3514
266,I_34
267,I_194
268,I_2333
269,I_3113
270,I_1643
271,I_299
272,I_3793
273,I_41
274,I_2700
275,I_581
276,I_1617
277,I_3476
278,I_497
279,I_1649
280,I_501
281,I_2353
282,I_2759
283,I_1923
284,I_2390
285,I_1466
286,I_1429
287,I_1897
288,I_39
289,I_52
290,I_2890
291,I_296
292,I_1127
293,I_1729
294,I_1966
295,I_1594
296,I_866
297,I_3799
298,I_412
299,I_47
300,I_1885
301,I_506
302,I_1093
303,I_2571
304,I_2725
305,I_36
306,I_3020
307,I_1485
308,I_913
309,I_1730
310,I_1535
311,I_1046
312,I_150
313,I_1715
314,I_2952
315,I_3386
316,I_3006
317,I_1794
318,I_896
319,I_1192
320,I_2908
321,U_6
322,I_1806
323,I_3536
324,I_2469
325,I_3074
326,I_2966
327,I_3604
328,I_266
329,I_3610
330,I_1959
331,I_199
332,I_3501
333,I_1441
334,I_1688
335,I_3753
336,I_1947
337,I_1674
338,I_1030
339,I_3717
340,I_1088
341,I_1007
342,I_3685
343,I_364
344,I_2396
345,I_3072
346,I_2506
347,I_1101
348,I_597
349,I_2406
350,I_3565
351,I_2802
352,I_17
353,I_1569
354,I_588
355,I_1296
356,I_912
357,I_383
358,U_7
359,I_861
360,I_1573
361,I_1997
362,I_1221
363,I_474
364,U_8
365,I_3213
366,I_1660
367,I_1277
368,I_1711
369,I_1393
370,I_14
371,I_1027
372,I_1701
373,I_3259
374,I_3246
375,I_2297
376,I_111
377,I_393
378,I_2688
379,I_1704
380,I_337
381,I_1488
382,I_508
383,I_650
384,I_2541
385,I_1274
386,I_1916
387,I_151
388,I_3148
389,I_454
390,I_2442
391,I_42
392,I_253
393,I_3425
394,I_555
395,I_230
396,I_2600
397,I_1120
398,I_538
399,I_1693
400,I_3481
401,I_562
402,I_1735
403,I_2686
404,I_1589
405,I_1678
406,I_1059
407,I_524
408,I_2329
409,I_2712
410,I_282
411,I_3528
412,I_105
413,I_3500
414,I_1810
415,I_2291
416,I_2324
417,I_510
418,I_345
419,I_3265
420,I_269
421,I_2490
422,I_3250
423,I_1682
424,I_2314
425,I_1476
426,I_476
427,I_2320
428,I_2702
429,I_908
430,I_465
431,I_1840
432,I_2699
433,I_1673
434,I_73
435,I_2023
436,I_2336
437,I_3155
438,I_1411
439,U_9
440,I_778
441,I_428
442,I_1343
443,I_1233
444,I_3510
445,I_25
446,I_223
447,I_3301
448,I_2302
449,I_3178
450,I_1307
451,I_1356
452,I_1669
453,I_50
454,I_1310
455,I_1639
456,I_3916
457,I_3755
458,I_2166
459,I_3253
460,I_529
461,I_3826
462,I_3751
463,I_300
464,I_3948
465,I_805
466,I_367
467,I_3298
468,I_1223
469,I_3623
470,I_3484
471,I_838
472,I_162
473,I_3255
474,I_1446
475,U_10
476,I_2001
477,I_2011
478,I_2077
479,I_953
480,I_915
481,I_3363
482,I_1148
483,I_2496
484,I_3438
485,I_3451
486,I_1286
487,I_2093
488,I_316
489,I_351
490,I_2043
491,I_333
492,I_277
493,I_2161
494,I_1633
495,I_1583
496,I_2371
497,I_743
498,I_3097
499,I_2826
500,I_2622
501,I_1136
502,I_1376
503,I_1278
504,I_784
505,I_2423
506,I_292
507,I_2693
508,I_1009
509,I_203
510,I_3174
511,I_2136
512,I_3703
513,I_1020
514,I_1023
515,I_1927
516,I_1954
517,I_2041
518,I_2080
519,I_1756
520,I_2125
521,I_969
522,I_1256
523,I_1967
524,I_520
525,I_3309
526,I_918
527,I_1012
528,I_2662
529,I_2033
530,I_2174
531,I_1294
532,I_1125
533,I_3869
534,I_2398
535,I_899
536,I_1586
537,I_932
538,I_1019
539,I_3087
540,I_3723
541,I_2874
542,I_2948
543,I_543
544,I_2431
545,I_2082
546,I_357
547,I_1676
548,I_3264
549,I_2138
550,I_2109
551,I_1374
552,I_2002
553,I_2316
554,I_2003
555,I_802
556,I_2968
557,I_2375
558,I_2049
559,I_1215
560,I_2105
561,I_2300
562,I_2091
563,I_2967
564,I_3066
565,I_3189
566,I_2040
567,I_3198
568,I_750
569,I_7
570,I_2096
571,I_2946
572,I_586
573,I_3489
574,I_1073
575,I_275
576,I_2640
577,I_671
578,I_3439
579,I_3039
580,I_971
581,I_2453
582,I_1269
583,I_180
584,I_1091
585,I_3388
586,I_1204
587,I_2015
588,I_2436
589,I_3194
590,I_2424
591,I_3675
592,I_592
593,I_596
594,I_1339
595,I_2005
596,I_2193
597,I_2100
598,I_3086
599,I_858
600,I_3296
601,I_344
602,I_3447
603,I_3099
604,I_3591
605,I_2795
606,I_2530
607,I_542
608,I_2094
609,I_2378
610,I_1025
611,I_1380
612,I_3629
613,I_1276
614,I_2000
615,I_926
616,I_1104
617,I_1282
618,I_3668
619,I_1283
620,I_954
621,I_2863
622,I_1409
623,I_3247
624,I_3466
625,I_924
626,I_904
627,I_2407
628,I_2047
629,I_1654
630,I_32
631,I_1831
632,I_2399
633,I_3704
634,I_2716
635,I_370
636,I_1320
637,I_3812
638,I_1016
639,I_3358
640,I_963
641,I_3254
642,I_2021
643,I_2529
644,I_587
645,I_1230
646,I_2140
647,I_3688
648,I_1287
649,I_2009
650,I_780
651,I_62
652,I_1257
653,I_329
654,I_1292
655,I_830
656,I_2072
657,I_1243
658,I_2012
659,I_1203
660,I_435
661,I_2657
662,I_3034
663,I_3153
664,I_2
665,I_2108
666,I_2498
667,I_3037
668,I_1129
669,I_2124
670,I_2393
671,I_104
672,I_3671
673,I_3347
674,I_1135
675,I_1375
676,I_541
677,I_2804
678,I_1345
679,I_3471
680,I_317
681,I_1254
682,U_11
683,I_2746
684,I_3396
685,I_441
686,I_1665
687,I_1080
688,I_1777
689,I_3160
690,I_2883
691,I_440
692,I_663
693,I_3146
694,I_1887
695,I_231
696,I_88
697,I_1498
698,I_85
699,I_481
700,I_3608
701,I_986
702,I_342
703,I_1042
704,I_2766
705,I_788
706,I_246
707,I_2507
708,I_2907
709,I_2076
710,I_1288
711,I_2598
712,I_1747
713,I_3448
714,I_2639
715,I_1461
716,I_3182
717,I_1753
718,I_2325
719,I_1563
720,I_2710
721,I_2706
722,I_2306
723,I_216
724,I_2539
725,I_249
726,I_3129
727,U_12
728,I_923
729,I_3658
730,I_1252
731,I_2616
732,I_1303
733,I_3785
734,I_999
735,I_3897
736,I_934
737,I_3362
738,U_13
739,I_1216
740,I_21
741,I_3175
742,I_3036
743,I_1262
744,I_2046
745,I_952
746,I_3070
747,I_380
748,I_2822
749,I_517
750,I_3417
751,I_60
752,I_3269
753,I_2414
754,I_1377
755,I_1331
756,I_153
757,I_2135
758,I_2641
759,I_1587
760,I_1479
761,I_2054
762,I_421
763,U_14
764,I_3033
765,I_2572
766,I_2920
767,I_3354
768,I_2243
769,I_1263
770,I_2731
771,I_2976
772,U_15
773,I_762
774,I_3646
775,I_1783
776,I_1804
777,I_748
778,I_628
779,I_2058
780,I_160
781,I_2485
782,I_2387
783,I_1672
784,I_70
785,I_141
786,I_2391
787,I_1625
788,I_2273
789,I_1608
790,I_1883
791,I_2605
792,I_161
793,I_3535
794,I_1805
795,I_2433
796,I_2676
797,I_3798
798,I_500
799,I_257
800,I_3004
801,I_1644
802,I_539
803,I_553
804,I_2763
805,I_1092
806,I_1422
807,I_3566
808,I_2581
809,I_3773
810,I_1271
811,I_2707
812,I_1702
813,I_2567
814,I_2389
815,I_3005
816,I_3081
817,I_2882
818,I_3261
819,I_832
820,I_2719
821,I_2841
822,I_1615
823,I_2840
824,U_16
825,I_2701
826,I_2722
827,I_2720
828,I_3516
829,I_2724
830,I_2369
831,I_2394
832,I_2761
833,I_2805
834,I_2975
835,I_2713
836,I_2555
837,I_1911
838,I_2392
839,I_2643
840,I_2723
841,U_17
842,I_942
843,I_293
844,I_2533
845,I_2667
846,I_3503
847,I_1584
848,I_2117
849,I_2668
850,I_3156
851,I_2377
852,I_3745
853,I_3879
854,I_3932
855,I_1358
856,I_1301
857,I_2527
858,I_3827
859,I_3863
860,I_247
861,I_446
862,I_2664
863,I_1428
864,I_164
865,I_1748
866,I_198
867,I_319
868,I_2912
869,I_1206
870,I_2985
871,I_3032
872,I_503
873,I_1614
874,I_24
875,I_76
876,I_1779
877,I_2613
878,I_3576
879,I_1179
880,I_2454
881,I_3638
882,I_2116
883,I_1601
884,I_3701
885,I_2661
886,I_1077
887,I_2553
888,I_2289
889,I_3713
890,I_1921
891,I_3457
892,I_3696
893,I_1200
894,I_1624
895,I_2287
896,I_2660
897,I_1185
898,I_2549
899,I_1284
900,I_2288
901,I_3375
902,I_2554
903,I_2663
904,I_2311
905,I_2901
906,I_3700
907,I_2528
908,I_2346
909,I_3662
910,I_1396
911,I_340
912,I_741
913,I_2526
914,U_18
915,I_1242
916,I_2953
917,I_261
918,I_1064
919,I_1186
920,I_2573
921,I_1201
922,I_3440
923,I_1499
924,I_2143
925,I_3633
926,I_3635
927,I_3461
928,I_3397
929,I_327
930,I_2137
931,I_291
932,I_546
933,I_1033
934,I_3639
935,I_493
936,I_2989
937,I_2373
938,I_3705
939,I_2542
940,I_168
941,I_2402
942,I_208
943,I_10
944,I_1378
945,I_2025
946,I_1032
947,I_3479
948,I_3889
949,I_1606
950,I_1344
951,I_3526
952,I_26
953,I_2764
954,I_2083
955,I_3698
956,I_1876
957,I_1234
958,I_44
959,I_2139
960,I_2421
961,I_2078
962,I_2893
963,I_2718
964,I_29
965,I_2145
966,I_86
967,I_2404
968,I_2253
969,I_2735
970,I_1391
971,I_2133
972,I_2739
973,I_2153
974,I_2014
975,I_1005
976,I_3399
977,I_1882
978,I_158
979,I_222
980,I_232
981,I_3252
982,I_2384
983,I_2142
984,I_616
985,I_2248
986,I_1591
987,I_2348
988,I_2872
989,I_262
990,I_2020
991,I_1275
992,I_1013
993,I_3398
994,I_2042
995,I_1956
996,I_475
997,I_302
998,I_940
999,I_1801
1000,I_1918
1001,I_532
1002,I_2019
1003,I_466
1004,U_19
1005,I_1974
1006,I_3082
1007,I_2502
1008,I_1650
1009,I_2004
1010,I_405
1011,I_2789
1012,I_785
1013,I_2644
1014,I_1321
1015,I_842
1016,I_2646
1017,I_1373
1018,I_2296
1019,I_2089
1020,I_3928
1021,I_2087
1022,I_2993
1023,I_2195
1024,I_1334
1025,I_3325
1026,I_2949
1027,I_2638
1028,I_3596
1029,I_2888
1030,I_3752
1031,I_2574
1032,I_2338
1033,I_2367
1034,I_2455
1035,I_2836
1036,I_3273
1037,I_2648
1038,I_2990
1039,I_2790
1040,I_3409
1041,I_330
1042,I_2653
1043,I_879
1044,I_3930
1045,I_1219
1046,I_420
1047,I_1350
1048,I_2991
1049,I_1717
1050,I_1371
1051,I_1258
1052,I_2085
1053,I_2694
1054,I_1655
1055,I_1340
1056,I_2633
1057,I_1220
1058,U_20
1059,I_1694
1060,U_21
1061,I_3000
1062,I_3268
1063,I_3053
1064,I_3774
1065,U_22
1066,I_1037
1067,I_910
1068,I_818
1069,I_799
1070,I_585
1071,I_3243
1072,I_1438
1073,I_1034
1074,I_2150
1075,I_3017
1076,I_2450
1077,I_833
1078,I_610
1079,I_312
1080,I_2122
1081,I_81
1082,I_2792
1083,I_1994
1084,I_849
1085,I_112
1086,I_1425
1087,I_3661
1088,I_3450
1089,I_2134
1090,I_185
1091,I_1205
1092,I_485
1093,I_3120
1094,I_3355
1095,I_2416
1096,I_3210
1097,I_3835
1098,I_2265
1099,I_1754
1100,I_3258
1101,I_2064
1102,I_3660
1103,I_1799
1104,I_1689
1105,I_708
1106,I_256
1107,I_3917
1108,I_771
1109,I_473
1110,I_248
1111,I_2794
1112,I_2141
1113,I_2249
1114,I_2478
1115,I_2189
1116,I_2671
1117,I_1047
1118,I_2163
1119,I_3052
1120,I_1991
1121,I_1405
1122,I_2376
1123,I_798
1124,I_2374
1125,U_23
1126,I_431
1127,I_1212
1128,I_521
1129,I_3708
1130,I_2511
1131,I_2149
1132,I_3505
1133,I_3420
1134,I_3634
1135,I_903
1136,I_3952
1137,I_1407
1138,I_2419
1139,I_1958
1140,I_1248
1141,I_45
1142,I_1249
1143,I_2259
1144,I_2148
1145,I_2176
1146,I_3525
1147,I_2726
1148,I_3740
1149,I_2410
1150,I_1218
1151,I_3474
1152,I_1227
1153,I_1313
1154,I_2808
1155,I_3101
1156,I_556
1157,I_3300
1158,I_3338
1159,I_2642
1160,I_2917
1161,I_674
1162,I_3556
1163,I_2160
1164,I_187
1165,I_911
1166,I_2202
1167,I_2409
1168,I_125
1169,I_3741
1170,I_3770
1171,I_951
1172,I_2119
1173,I_3551
1174,I_3920
1175,I_3104
1176,I_2322
1177,I_3507
1178,I_3618
1179,I_3763
1180,I_1845
1181,I_11
1182,I_2241
1183,I_1189
1184,I_3521
1185,I_659
1186,I_2118
1187,U_24
1188,I_1788
1189,I_3361
1190,I_303
1191,I_2144
1192,I_372
1193,I_2757
1194,I_2132
1195,I_2915
1196,I_175
1197,I_2301
1198,I_3424
1199,I_1663
1200,I_468
1201,I_1965
1202,I_2352
1203,U_25
1204,I_3676
1205,I_1920
1206,I_2709
1207,I_737
1208,I_688
1209,I_2173
1210,U_26
1211,I_2245
1212,I_3056
1213,I_3506
1214,I_3502
1215,I_3331
1216,I_217
1217,I_1880
1218,I_252
1219,I_2950
1220,I_118
1221,I_3846
1222,I_450
1223,I_3206
1224,I_416
1225,I_445
1226,I_3098
1227,I_2459
1228,I_1390
1229,I_1003
1230,I_1645
1231,I_2340
1232,I_2154
1233,I_236
1234,I_2059
1235,I_64
1236,I_276
1237,I_472
1238,I_1457
1239,I_765
1240,I_550
1241,I_1302
1242,I_3248
1243,I_135
1244,I_38
1245,I_3040
1246,I_2798
1247,I_499
1248,I_1588
1249,I_511
1250,I_2266
1251,I_3422
1252,I_1100
1253,I_3543
1254,I_2463
1255,I_1888
1256,I_2262
1257,I_609
1258,I_413
1259,I_1388
1260,I_2875
1261,I_3287
1262,I_1833
1263,I_694
1264,I_2447
1265,I_2420
1266,I_463
1267,I_3274
1268,I_378
1269,I_2247
1270,I_3360
1271,I_1021
1272,I_237
1273,I_234
1274,I_1347
1275,I_471
1276,I_605
1277,I_1640
1278,I_1381
1279,I_3219
1280,I_3
1281,I_1285
1282,I_491
1283,I_2335
1284,I_1126
1285,I_381
1286,I_350
1287,I_2412
1288,I_5
1289,I_432
1290,I_1556
1291,I_852
1292,I_2942
1293,I_2403
1294,I_1593
1295,I_3690
1296,I_2558
1297,I_3263
1298,I_3152
1299,I_1463
1300,I_3308
1301,I_74
1302,I_3130
1303,I_3426
1304,I_3707
1305,I_3423
1306,I_267
1307,I_2418
1308,I_2313
1309,I_2146
1310,I_339
1311,I_195
1312,I_3689
1313,I_2261
1314,I_1541
1315,I_487
1316,I_424
1317,I_2053
1318,I_2106
1319,I_3173
1320,I_467
1321,I_3614
1322,I_673
1323,I_3686
1324,I_724
1325,I_518
1326,U_27
1327,I_898
1328,I_528
1329,I_2066
1330,I_922
1331,I_1237
1332,I_955
1333,I_3435
1334,I_905
1335,I_1180
1336,I_2186
1337,I_3730
1338,I_3469
1339,I_3364
1340,U_28
1341,I_930
1342,I_1208
1343,I_928
1344,I_916
1345,I_2550
1346,I_3548
1347,I_334
1348,I_906
1349,I_144
1350,I_1224
1351,I_901
1352,U_29
1353,I_2363
1354,I_494
1355,I_2944
1356,I_3197
1357,I_1085
1358,I_3836
1359,I_2534
1360,I_3769
1361,I_3405
1362,I_3370
1363,I_3062
1364,I_3366
1365,I_3102
1366,I_1785
1367,U_30
1368,I_1657
1369,I_3911
1370,I_2544
1371,I_1041
1372,I_1545
1373,I_1176
1374,I_1922
1375,U_31
1376,I_1281
1377,I_3096
1378,I_1297
1379,I_1235
1380,I_946
1381,I_3349
1382,I_3462
1383,I_2936
1384,I_2065
1385,I_2780
1386,I_3244
1387,I_3341
1388,I_2747
1389,I_947
1390,I_3640
1391,I_2935
1392,I_2870
1393,I_2922
1394,I_957
1395,I_3200
1396,I_3524
1397,I_961
1398,I_921
1399,I_3088
1400,I_1976
1401,I_2208
1402,I_933
1403,U_32
1404,I_3286
1405,I_3429
1406,I_3821
1407,I_3787
1408,I_3159
1409,I_28
1410,U_33
1411,I_3682
1412,I_1348
1413,I_2612
1414,I_1183
1415,I_2983
1416,I_2728
1417,I_2071
1418,I_2650
1419,I_1299
1420,I_1272
1421,I_2637
1422,I_1061
1423,I_3168
1424,I_154
1425,I_2867
1426,I_2565
1427,I_3169
1428,I_2817
1429,I_2183
1430,I_3121
1431,I_1333
1432,I_1680
1433,I_1267
1434,I_3498
1435,I_1892
1436,I_907
1437,I_2178
1438,I_1300
1439,I_1017
1440,I_2647
1441,I_1367
1442,I_3844
1443,I_509
1444,I_2344
1445,I_3733
1446,I_678
1447,I_3683
1448,I_565
1449,I_1130
1450,I_2779
1451,I_3546
1452,I_2272
1453,I_2070
1454,I_3019
1455,I_3727
1456,I_3693
1457,I_1464
1458,I_3340
1459,I_3760
1460,I_3230
1461,I_1086
1462,I_2852
1463,I_927
1464,I_3044
1465,I_3203
1466,I_2010
1467,I_3095
1468,I_3681
1469,I_1699
1470,I_1222
1471,I_3735
1472,I_3587
1473,I_1982
1474,I_2467
1475,I_1946
1476,I_3110
1477,I_1152
1478,I_3494
1479,I_1094
1480,I_3359
1481,I_1231
1482,I_949
1483,I_1175
1484,I_569
1485,U_34
1486,I_2413
1487,I_455
1488,I_2380
1489,I_837
1490,I_1895
1491,I_1835
1492,I_3712
1493,I_3594
1494,I_2432
1495,I_3387
1496,I_2379
1497,I_2382
1498,I_2383
1499,U_35
1500,I_2932
1501,I_123
1502,I_3649
1503,I_1264
1504,I_3061
1505,I_2474
1506,I_945
1507,I_2385
1508,I_965
1509,I_3473
1510,I_863
1511,I_3725
1512,I_3871
1513,I_3060
1514,I_824
1515,I_2682
1516,I_1078
1517,I_2331
1518,I_3508
1519,I_3549
1520,I_3831
1521,I_2921
1522,I_3091
1523,I_1949
1524,I_3584
1525,I_3365
1526,I_1957
1527,I_948
1528,I_3852
1529,I_2919
1530,I_1251
1531,I_1419
1532,I_58
1533,I_2238
1534,I_3320
1535,I_2708
1536,I_2732
1537,I_2575
1538,I_3083
1539,I_1162
1540,I_155
1541,I_803
1542,I_2171
1543,I_3788
1544,I_2088
1545,I_2926
1546,I_3567
1547,U_36
1548,I_3142
1549,I_1603
1550,I_233
1551,I_3504
1552,I_1827
1553,I_2972
1554,I_1081
1555,I_30
1556,I_178
1557,I_2334
1558,I_1960
1559,I_3441
1560,I_1147
1561,I_507
1562,I_3196
1563,I_2155
1564,I_2774
1565,I_1875
1566,I_172
1567,I_1480
1568,I_2580
1569,I_2269
1570,I_3706
1571,I_2540
1572,I_196
1573,I_2815
1574,I_1172
1575,I_1616
1576,I_3480
1577,I_3697
1578,I_449
1579,I_2250
1580,I_2973
1581,U_37
1582,I_3864
1583,I_1977
1584,U_38
1585,I_779
1586,I_46
1587,I_490
1588,I_2677
1589,I_1894
1590,I_1353
1591,I_1620
1592,I_361
1593,I_92
1594,U_39
1595,I_2906
1596,I_2027
1597,I_2568
1598,I_3157
1599,I_1060
1600,I_2772
1601,U_40
1602,I_3927
1603,I_976
1604,I_258
1605,I_2524
1606,I_3628
1607,I_2537
1608,I_2816
1609,I_3412
1610,I_2471
1611,I_173
1612,I_3406
1613,I_897
1614,I_2941
1615,I_3643
1616,I_2748
1617,U_41
1618,I_1658
1619,I_2546
1620,U_42
1621,I_1518
1622,I_3802
1623,I_379
1624,I_3555
1625,I_2456
1626,I_3807
1627,I_880
1628,I_2034
1629,I_66
1630,I_2986
1631,I_2681
1632,I_3758
1633,I_1590
1634,I_3519
1635,I_3937
1636,I_3780
1637,I_2408
1638,I_1924
1639,U_43
1640,I_2961
1641,U_44
1642,I_3011
1643,I_2462
1644,I_1985
1645,I_1986
1646,I_2110
1647,I_2107
1648,I_2461
1649,I_1983
1650,I_1952
1651,I_3028
1652,I_2097
1653,I_2460
1654,I_2846
1655,I_2017
1656,I_107
1657,I_891
1658,I_3251
1659,U_45
1660,I_287
1661,I_1948
1662,I_3684
1663,I_2738
1664,I_1632
1665,I_753
1666,I_909
1667,I_1453
1668,I_566
1669,I_469
1670,I_1571
1671,I_2292
1672,I_2443
1673,I_719
1674,I_2884
1675,I_1677
1676,I_1018
1677,I_2168
1678,I_2417
1679,I_1279
1680,I_3045
1681,I_2829
1682,I_937
1683,I_447
1684,I_943
1685,I_2491
1686,I_2037
1687,I_1083
1688,I_1821
1689,I_633
1690,I_3540
1691,I_1014
1692,I_3076
1693,I_1043
1694,I_3874
1695,I_2415
1696,I_492
1697,I_1782
1698,I_804
1699,I_2052
1700,I_2468
1701,I_2492
1702,I_3436
1703,I_305
1704,I_1398
1705,I_3873
1706,I_2849
1707,I_3612
1708,I_900
1709,I_186
1710,I_2473
1711,I_371
1712,I_489
1713,I_2629
1714,I_3814
1715,I_1914
1716,I_218
1717,I_35
1718,U_46
1719,I_3939
1720,I_1972
1721,I_3677
1722,I_1971
1723,I_1973
1724,I_1979
1725,I_1969
1726,I_1978
1727,I_366
1728,I_1975
1729,I_1980
1730,I_847
1731,I_1981
1732,I_1970
1733,I_1102
1734,U_47
1735,U_48
1736,I_239
1737,I_533
1738,I_3877
1739,I_835
1740,I_2016
1741,I_1944
1742,I_376
1743,I_3926
1744,I_575
1745,I_2532
1746,I_65
1747,I_599
1748,I_1359
1749,I_336
1750,I_1703
1751,I_514
1752,I_453
1753,I_486
1754,I_1474
1755,I_1015
1756,I_170
1757,I_836
1758,I_419
1759,I_3477
1760,I_2422
1761,I_1459
1762,I_410
1763,I_1602
1764,I_513
1765,I_355
1766,I_2152
1767,I_3483
1768,I_15
1769,I_996
1770,I_429
1771,I_1619
1772,I_516
1773,I_2965
1774,I_1752
1775,I_786
1776,I_423
1777,I_3404
1778,I_2405
1779,I_1010
1780,I_19
1781,I_2050
1782,I_1772
1783,I_360
1784,I_3208
1785,I_2857
1786,I_2827
1787,I_1797
1788,I_374
1789,I_54
1790,I_1931
1791,I_2531
1792,I_1011
1793,I_829
1794,I_3615
1795,I_991
1796,I_1526
1797,I_534
1798,U_49
1799,I_3452
1800,I_13
1801,I_89
1802,I_159
1803,U_50
1804,I_3390
1805,I_1600
1806,I_23
1807,I_3861
1808,I_3512
1809,U_51
1810,I_3554
1811,I_3617
1812,I_3553
1813,U_52
1814,I_886
1815,I_145
1816,I_93
1817,U_53
1818,I_22
1819,I_2112
1820,I_3557
1821,I_1848
1822,I_193
1823,I_2114
1824,I_950
1825,I_735
1826,I_1211
1827,I_522
1828,I_427
1829,I_190
1830,I_1950
1831,I_2264
1832,I_365
1833,I_3600
1834,I_188
1835,I_3620
1836,I_893
1837,I_1290
1838,I_2165
1839,I_1760
1840,I_1199
1841,I_436
1842,I_1057
1843,I_617
1844,I_2517
1845,I_3078
1846,I_1177
1847,I_1173
1848,I_3437
1849,I_148
1850,I_3918
1851,I_259
1852,I_611
1853,I_1184
1854,I_1522
1855,I_456
1856,I_2956
1857,I_1031
1858,I_846
1859,I_177
1860,I_580
1861,I_3326
1862,I_766
1863,I_718
1864,I_2750
1865,I_55
1866,I_3605
1867,I_561
1868,I_3067
1869,I_3919
1870,I_1861
1871,I_3764
1872,I_2787
1873,I_3063
1874,I_1395
1875,I_415
1876,I_2328
1877,I_184
1878,I_126
1879,I_2252
1880,I_1769
1881,I_448
1882,I_1417
1883,I_1305
1884,I_1913
1885,I_3393
1886,I_1190
1887,I_1623
1888,I_281
1889,I_2120
1890,I_3307
1891,I_519
1892,I_1352
1893,I_764
1894,I_2038
1895,I_307
1896,I_2349
1897,I_322
1898,I_3179
1899,I_1648
1900,I_242
1901,I_2851
1902,I_3092
1903,I_268
1904,I_1726
1905,I_2781
1906,I_1686
1907,I_3270
1908,I_1627
1909,I_100
1910,I_2793
1911,I_326
1912,I_1621
1913,I_358
1914,I_94
1915,I_3509
1916,I_309
1917,I_2162
1918,I_3550
1919,I_3464
1920,I_18
1921,I_2606
1922,I_3478
1923,I_1816
1924,U_54
1925,I_3049
1926,I_2788
1927,U_55
1928,I_3672
1929,U_56
1930,I_2786
1931,U_57
1932,I_2310
1933,I_3794
1934,I_3694
1935,I_3820
1936,I_1228
1937,I_3797
1938,U_58
1939,I_1268
1940,I_1295
1941,I_2807
1942,I_2615
1943,I_2315
1944,I_3664
1945,I_1862
1946,I_2744
1947,I_2184
1948,I_3328
1949,I_1311
1950,I_3593
1951,I_2057
1952,I_392
1953,I_2364
1954,I_1298
1955,U_59
1956,I_3185
1957,I_615
1958,I_3201
1959,I_3134
1960,I_3742
1961,I_2670
1962,I_1066
1963,I_1951
1964,I_978
1965,I_3224
1966,I_2147
1967,I_3350
1968,I_3655
1969,I_3811
1970,I_959
1971,I_314
1972,I_1935
1973,I_3089
1974,I_1421
1975,I_3018
1976,I_3816
1977,I_1241
1978,I_3910
1979,I_1226
1980,I_3808
1981,U_60
1982,I_113
1983,I_2583
1984,I_2045
1985,U_61
1986,I_3511
1987,I_3784
1988,I_3190
1989,I_3743
1990,I_3316
1991,I_3238
1992,I_3908
1993,I_3564
1994,U_62
1995,I_2212
1996,I_3729
1997,I_806
1998,I_1432
1999,I_1209
2000,I_1629
2001,I_3015
2002,I_929
2003,I_2939
2004,I_207
2005,I_2820
2006,I_630
2007,I_2819
2008,I_2177
2009,I_1050
2010,I_2940
2011,I_707
2012,I_82
2013,I_974
2014,I_1366
2015,I_640
2016,I_2755
2017,I_1082
2018,I_1477
2019,I_3545
2020,I_3430
2021,I_2206
2022,I_78
2023,I_437
2024,I_182
2025,I_3613
2026,I_3518
2027,I_3145
2028,I_1938
2029,I_3789
2030,I_3103
2031,I_2457
2032,I_1727
2033,I_3414
2034,I_956
2035,I_2435
2036,I_782
2037,I_2729
2038,I_1934
2039,I_1414
2040,I_3330
2041,I_1161
2042,I_3602
2043,I_960
2044,I_418
2045,I_3724
2046,I_2752
2047,I_2472
2048,I_382
2049,I_2130
2050,I_1401
2051,I_254
2052,I_3109
2053,I_664
2054,I_931
2055,I_848
2056,I_451
2057,I_3529
2058,I_79
2059,U_63
2060,I_3007
2061,I_1707
2062,I_2678
2063,I_2505
2064,I_166
2065,I_3115
2066,I_2596
2067,I_2560
2068,U_64
2069,I_2913
2070,U_65
2071,I_9
2072,I_2411
2073,I_1562
2074,I_2803
2075,U_66
2076,I_1919
2077,I_637
2078,U_67
2079,I_1939
2080,I_3167
2081,I_973
2082,U_68
2083,I_3467
2084,I_1926
2085,I_3571
2086,I_3112
2087,I_3069
2088,U_69
2089,I_40
2090,I_2439
2091,I_1904
2092,U_70
2093,I_43
2094,I_2995
2095,I_2828
2096,I_2979
2097,U_71
2098,I_3285
2099,U_72
2100,I_3124
2101,I_1187
2102,U_73
2103,I_692
2104,I_2625
2105,I_2448
2106,I_240
2107,I_3768
2108,I_1858
2109,I_990
2110,I_704
2111,I_3767
2112,I_2196
2113,I_2879
2114,I_464
2115,I_8
2116,I_2170
2117,I_3949
2118,I_3444
2119,U_74
2120,I_1963
2121,I_869
2122,I_2357
2123,U_75
2124,I_2429
2125,I_169
2126,I_87
2127,I_711
2128,I_2354
2129,I_2092
2130,I_1495
2131,I_2090
2132,I_502
2133,I_1713
2134,I_631
2135,I_634
2136,I_1489
2137,I_2559
2138,I_577
2139,I_146
2140,I_801
2141,I_2123
2142,I_3400
2143,I_2430
2144,I_1592
2145,I_1460
2146,I_2036
2147,I_1551
2148,I_3054
2149,I_709
2150,I_558
2151,I_362
2152,I_181
2153,I_1582
2154,I_2899
2155,U_76
2156,I_3317
2157,I_3898
2158,U_77
2159,I_536
2160,I_2771
2161,U_78
2162,I_1416
2163,I_84
2164,I_3606
2165,I_1024
2166,I_2971
2167,I_1871
2168,I_2499
2169,I_2690
2170,I_568
2171,I_205
2172,I_298
2173,U_79
2174,I_2873
2175,I_2024
2176,U_80
2177,U_81
2178,I_1260
2179,I_2924
2180,I_1099
2181,I_2303
2182,I_1178
2183,I_482
2184,U_82
2185,I_1762
2186,U_83
2187,I_2861
2188,I_2519
2189,U_84
2190,I_941
2191,U_85
2192,I_3825
2193,I_3914
2194,I_3324
2195,I_3299
2196,I_3859
2197,U_86
2198,I_754
2199,I_3118
2200,U_87
2201,I_438
2202,I_2347
2203,I_826
2204,I_583
2205,I_1112
2206,I_2157
2207,I_3384
2208,U_88
2209,I_2927
2210,U_89
2211,U_90
2212,I_2279
2213,I_1487
2214,I_2880
2215,I_12
2216,I_373
2217,I_477
2218,I_993
2219,I_1437
2220,I_63
2221,I_2190
2222,I_294
2223,I_2582
2224,U_91
2225,I_2073
2226,I_1238
2227,U_92
2228,I_3824
2229,I_3454
2230,I_3895
2231,I_3225
2232,I_3515
2233,I_3616
2234,I_1595
2235,I_1750
2236,I_2169
2237,I_3271
2238,I_810
2239,I_2714
2240,I_2566
2241,I_2102
2242,I_2800
2243,I_1881
2244,I_2500
2245,I_2876
2246,I_2084
2247,I_2978
2248,I_3453
2249,U_93
2250,I_204
2251,I_1681
2252,I_839
2253,I_2818
2254,I_1599
2255,U_94
2256,I_1349
2257,U_95
2258,I_1280
2259,U_96
2260,U_97
2261,I_3284
2262,I_2904
2263,I_2203
2264,I_3093
2265,I_1936
2266,I_1507
2267,I_1964
2268,I_2210
2269,I_3736
2270,I_944
2271,I_1929
2272,I_3204
2273,I_1940
2274,I_1596
2275,I_936
2276,I_3870
2277,U_98
2278,U_99
2279,I_2938
2280,I_3901
2281,I_3882
2282,I_1824
2283,I_3896
2284,U_100
2285,U_101
2286,I_3841
2287,I_71
2288,I_3946
2289,I_3936
2290,U_102
2291,I_2434
2292,I_1755
2293,I_3177
2294,I_3357
2295,I_3580
2296,I_2877
2297,I_3754
2298,I_851
2299,I_3872
2300,I_3791
2301,I_3915
2302,U_103
2303,U_104
2304,I_998
2305,I_2285
2306,U_105
2307,I_1515
2308,U_106
2309,U_107
2310,I_1925
2311,I_2181
2312,I_1661
2313,I_1942
2314,I_3929
2315,U_108
2316,I_3913
2317,U_109
2318,I_1731
2319,I_2098
2320,U_110
2321,I_2231
2322,I_2280
2323,U_111
2324,I_1542
2325,I_1860
2326,U_112
2327,U_113
2328,I_2672
2329,I_3883
2330,I_3327
2331,U_114
2332,U_115
2333,U_116
2334,I_2856
2335,I_1995
2336,I_157
2337,U_117
2338,I_2111
2339,I_2525
2340,I_1988
2341,I_2515
2342,I_2878
2343,I_1992
2344,I_1999
2345,I_2451
2346,I_3029
2347,I_3013
2348,I_251
2349,I_3941
2350,I_3659
2351,I_3024
2352,I_2104
2353,I_606
2354,I_2026
2355,I_1337
2356,I_2121
2357,I_2368
2358,I_1326
2359,I_2327
2360,I_3843
2361,I_273
2362,I_3138
2363,I_1996
2364,I_2476
2365,I_2736
2366,I_2652
2367,I_3491
2368,I_1128
2369,I_2665
2370,I_3806
2371,I_1329
2372,I_1987
2373,I_3840
2374,I_1993
2375,I_3663
2376,I_2645
2377,I_2401
2378,I_1322
2379,I_407
2380,I_1328
2381,U_118
2382,I_892
2383,U_119
2384,I_2048
2385,I_3538
2386,U_120
2387,U_121
2388,I_3934
2389,I_2365
2390,U_122
2391,U_123
2392,I_2745
2393,I_2263
2394,I_2381
2395,I_2260
2396,I_280
2397,I_603
2398,I_20
2399,I_3014
2400,I_2267
2401,I_2551
2402,I_225
2403,I_1389
2404,I_2242
2405,I_1890
2406,I_1355
2407,I_3304
2408,I_3849
2409,I_3465
2410,I_687
2411,I_2866
2412,I_3403
2413,I_2518
2414,I_2343
2415,I_2860
2416,I_3211
2417,I_875
2418,I_3001
2419,I_1807
2420,I_2741
2421,I_1984
2422,I_544
2423,I_3710
2424,I_3497
2425,I_2749
2426,I_2928
2427,I_387
2428,I_3766
2429,I_3792
2430,U_124
2431,I_3125
2432,U_125
2433,I_3726
2434,U_126
2435,I_1879
2436,I_3217
2437,I_390
2438,I_171
2439,I_1063
2440,U_127
2441,I_715
2442,I_3150
2443,I_3795
2444,I_3720
2445,I_3865
2446,I_2769
2447,I_290
2448,I_3857
2449,I_3747
2450,I_2284
2451,I_1605
2452,U_128
2453,I_3132
2454,I_3073
2455,I_3311
2456,U_129
2457,I_1647
2458,I_384
2459,I_1472
2460,I_1053
2461,I_1404
2462,I_1662
2463,U_130
2464,I_2654
2465,I_1855
2466,U_131
2467,I_406
2468,I_2609
2469,I_1543
2470,I_101
2471,I_2925
2472,I_3819
2473,I_1900
2474,I_117
2475,I_3746
2476,I_3416
2477,I_211
2478,I_2341
2479,I_668
2480,I_2697
2481,I_3163
2482,I_2696
2483,I_645
2484,I_2929
2485,I_147
2486,I_1859
2487,I_97
2488,I_627
2489,I_781
2490,I_306
2491,I_649
2492,I_1354
2493,U_132
2494,I_3938
2495,I_69
2496,U_133
2497,I_129
2498,I_1670
2499,I_3064
2500,I_3579
2501,I_1841
2502,U_134
2503,I_3783
2504,I_3884
2505,I_512
2506,I_3719
2507,U_135
2508,U_136
2509,I_417
2510,I_1289
2511,I_3392
2512,I_3094
2513,I_793
2514,I_1191
2515,I_1932
2516,I_2361
2517,I_3395
2518,I_549
2519,I_1856
2520,I_2356
2521,I_1454
2522,U_137
2523,I_2998
2524,U_138
2525,I_2360
2526,I_213
2527,U_139
2528,I_3679
2529,I_206
2530,I_3627
2531,I_2495
2532,I_3942
2533,U_140
2534,I_2204
2535,I_2937
2536,I_1941
2537,U_141
2538,U_142
2539,U_143
2540,U_144
2541,U_145
2542,U_146
2543,I_935
2544,I_1937
2545,I_3292
2546,I_3135
2547,I_3371
2548,I_2370
2549,I_2801
2550,I_3599
2551,I_3855
2552,I_3834
2553,I_2570
2554,I_3342
2555,U_147
2556,I_760
2557,I_1667
2558,I_1194
2559,I_1004
2560,U_148
2561,I_3431
2562,I_808
2563,I_1008
2564,I_2086
2565,I_460
2566,I_1445
2567,I_3678
2568,I_3385
2569,I_3111
2570,I_2240
2571,I_3394
2572,I_2626
2573,I_548
2574,I_332
2575,I_870
2576,I_3585
2577,I_1363
2578,I_408
2579,I_227
2580,I_2494
2581,I_2669
2582,I_3214
2583,I_3432
2584,I_426
2585,I_3389
2586,U_149
2587,I_346
2588,I_3272
2589,I_3539
2590,I_363
2591,I_2621
2592,I_320
2593,I_2812
2594,I_391
2595,I_2594
2596,I_2730
2597,I_3055
2598,I_3117
2599,I_787
2600,I_1611
2601,I_3718
2602,I_1123
2603,I_3625
2604,I_1202
2605,I_535
2606,I_1055
2607,I_1910
2608,I_2859
2609,I_3858
2610,I_308
2611,I_3943
2612,I_2611
2613,I_3192
2614,I_3903
2615,I_1516
2616,U_150
2617,I_759
2618,U_151
2619,I_156
2620,I_1896
2621,I_68
2622,I_1564
2623,I_987
2624,I_289
2625,I_3302
2626,I_179
2627,I_338
2628,I_1767
2629,I_140
2630,I_1236
2631,I_1502
2632,I_202
2633,I_691
2634,I_2482
2635,I_3950
2636,I_1612
2637,I_3749
2638,I_638
2639,I_3598
2640,U_152
2641,U_153
2642,I_274
2643,I_325
2644,U_154
2645,U_155
2646,I_3415
2647,I_1581
2648,I_3470
2649,U_156
2650,I_2497
2651,U_157
2652,I_639
2653,I_2295
2654,I_3199
2655,I_271
2656,I_2905
2657,I_2255
2658,I_2796
2659,I_352
2660,I_564
2661,I_1273
2662,I_2977
2663,I_209
2664,U_158
2665,I_1812
2666,I_1998
2667,U_159
2668,U_160
2669,U_161
2670,I_2330
2671,I_2988
2672,I_2022
2673,I_425
2674,I_83
2675,I_214
2676,I_1361
2677,I_3860
2678,I_3823
2679,I_2068
2680,I_670
2681,I_602
2682,I_3077
2683,I_523
2684,U_162
2685,U_163
2686,I_152
2687,I_1604
2688,I_1869
2689,I_122
2690,I_809
2691,I_2516
2692,I_1902
2693,I_1866
2694,I_3275
2695,I_1119
2696,I_1465
2697,I_1771
2698,I_1475
2699,I_1473
2700,I_695
2701,I_1456
2702,I_742
2703,I_315
2704,I_2835
2705,I_3709
2706,I_1497
2707,I_328
2708,I_3782
2709,I_2974
2710,I_2548
2711,I_98
2712,I_2898
2713,I_479
2714,I_2597
2715,I_2113
2716,U_164
2717,I_2996
2718,U_165
2719,I_3921
2720,I_2035
2721,I_3922
2722,I_3592
2723,I_2666
2724,I_1255
2725,U_166
2726,I_2504
2727,I_1051
2728,I_3673
2729,I_3401
2730,I_1613
2731,I_3262
2732,I_3674
2733,I_831
2734,I_324
2735,I_2513
2736,I_984
2737,U_167
2738,I_201
2739,U_168
2740,U_169
2741,I_876
2742,I_2060
2743,I_2587
2744,I_1928
2745,I_1943
2746,I_3329
2747,I_255
2748,I_3475
2749,I_1930
2750,I_2372
2751,U_170
2752,U_171
2753,I_1111
2754,U_172
2755,U_173
2756,I_854
2757,I_3235
2758,I_3680
2759,I_3559
2760,I_3925
2761,I_1889
2762,I_2180
2763,I_1631
2764,I_2579
2765,I_2782
2766,I_2830
2767,I_3885
2768,I_3379
2769,I_2970
2770,I_2182
2771,I_1933
2772,I_669
2773,I_1413
2774,I_3047
2775,I_3090
2776,I_3547
2777,I_3731
2778,I_3837
2779,I_3188
2780,I_99
2781,I_3801
2782,I_183
2783,I_1232
2784,I_3456
2785,I_1572
2786,I_1131
2787,I_1415
2788,I_2351
2789,I_970
2790,I_2512
2791,I_2824
2792,I_680
2793,I_3241
2794,I_2323
2795,I_2659
2796,I_2689
2797,I_3038
2798,I_3951
2799,I_1068
2800,I_3756
2801,I_2864
2802,I_1132
2803,U_174
2804,U_175
2805,I_1044
2806,I_3281
2807,U_176
2808,I_3715
2809,I_3391
2810,I_3041
2811,U_177
2812,U_178
2813,I_3144
2814,U_179
2815,U_180
2816,U_181
2817,I_31
2818,I_1825
2819,U_182
2820,I_1169
2821,U_183
2822,I_1323
2823,I_2520
2824,I_2475
2825,U_184
2826,I_3449
2827,U_185
2828,U_186
2829,I_2552
2830,U_187
2831,I_483
2832,I_1482
2833,I_613
2834,I_2679
2835,I_621
2836,I_1399
2837,I_2479
2838,I_571
2839,I_1811
2840,I_2590
2841,I_2276
2842,I_1547
2843,I_697
2844,I_2963
2845,I_2610
2846,I_3008
2847,I_301
2848,I_4
2849,I_685
2850,I_2493
2851,I_279
2852,I_1054
2853,I_369
2854,I_2711
2855,I_1728
2856,I_573
2857,I_388
2858,U_188
2859,I_1306
2860,U_189
2861,U_190
2862,I_3839
2863,U_191
2864,I_409
2865,I_1609
2866,U_192
2867,I_761
2868,I_3886
2869,I_2894
2870,I_2614
2871,I_1744
2872,I_132
2873,I_504
2874,I_1739
2875,I_3810
2876,U_193
2877,I_137
2878,I_2099
2879,I_1546
2880,I_3909
2881,U_194
2882,U_195
2883,I_488
2884,I_635
2885,I_458
2886,I_3796
2887,I_3181
2888,I_495
2889,I_3532
2890,I_3022
2891,I_774
2892,I_67
2893,I_2488
2894,I_1891
2895,I_2602
2896,I_1795
2897,I_1058
2898,I_2630
2899,I_2103
2900,I_2305
2901,I_2844
2902,I_1741
2903,I_717
2904,I_3902
2905,I_767
2906,I_2768
2907,I_1105
2908,I_525
2909,I_3822
2910,I_1867
2911,I_2624
2912,I_2514
2913,I_3867
2914,I_632
2915,I_2585
2916,I_2994
2917,I_3031
2918,I_1503
2919,I_241
2920,I_3245
2921,I_2483
2922,U_196
2923,U_197
2924,U_198
2925,I_1646
2926,U_199
2927,I_72
2928,I_1468
2929,I_3761
2930,I_295
2931,I_27
2932,I_2445
2933,I_2271
2934,U_200
2935,U_201
2936,I_3162
2937,I_2865
2938,I_1666
2939,I_3127
2940,U_202
2941,I_3180
2942,I_354
2943,I_174
2944,I_2651
2945,I_2634
2946,I_414
2947,I_430
2948,I_191
2949,I_433
2950,I_1854
2951,I_1746
2952,I_2889
2953,U_203
2954,I_2695
2955,I_2589
2956,I_1642
2957,U_204
2958,I_2307
2959,I_3945
2960,I_3165
2961,U_205
2962,I_3947
2963,I_2129
2964,I_149
2965,U_206
2966,U_207
2967,U_208
2968,I_1327
2969,I_1346
2970,U_209
2971,U_210
2972,U_211
2973,I_2785
2974,I_3149
2975,U_212
2976,I_1523
2977,I_1531
2978,I_1427
2979,U_213
2980,U_214
2981,I_2999
2982,I_1317
2983,U_215
2984,U_216
2985,I_3653
2986,I_2007
2987,I_2345
2988,I_505
2989,I_3043
2990,I_3427
2991,I_119
2992,I_1365
2993,I_3161
2994,I_2685
2995,I_2051
2996,I_964
2997,I_1863
2998,I_3590
2999,I_1857
3000,I_444
3001,I_3042
3002,I_574
3003,I_2151
3004,I_537
3005,I_3695
3006,I_2032
3007,I_1410
3008,I_3804
3009,I_2286
3010,I_3048
3011,I_2969
3012,U_217
3013,U_218
3014,I_2900
3015,U_219
3016,U_220
3017,I_1484
3018,U_221
3019,U_222
3020,I_1076
3021,U_223
3022,I_3619
3023,U_224
3024,U_225
3025,I_1664
3026,I_570
3027,I_3343
3028,I_665
3029,I_2964
3030,I_263
3031,I_1150
3032,I_3716
3033,I_1585
3034,I_1483
3035,I_988
3036,I_700
3037,I_3187
3038,I_877
3039,I_3010
3040,I_662
3041,U_226
3042,U_227
3043,U_228
3044,U_229
3045,I_2839
3046,I_3050
3047,I_3563
3048,I_2062
3049,U_230
3050,I_2075
3051,U_231
3052,U_232
3053,I_3544
3054,U_233
3055,U_234
3056,U_235
3057,I_2897
3058,I_2008
3059,I_128
3060,I_3854
3061,I_3851
3062,I_3830
3063,I_751
3064,U_236
3065,U_237
3066,I_250
3067,I_3537
3068,U_238
3069,I_1471
3070,I_3222
3071,I_3171
3072,I_1423
3073,I_3586
3074,I_1759
3075,I_844
3076,U_239
3077,I_2704
3078,U_240
3079,U_241
3080,U_242
3081,U_243
3082,U_244
3083,U_245
3084,I_3923
3085,I_2232
3086,I_2656
3087,I_2477
3088,I_3487
3089,I_1382
3090,I_3732
3091,I_2649
3092,I_3367
3093,I_3139
3094,U_246
3095,U_247
3096,U_248
3097,U_249
3098,U_250
3099,U_251
3100,U_252
3101,U_253
3102,I_1533
3103,U_254
3104,U_255
3105,I_2627
3106,U_256
3107,U_257
3108,U_258
3109,U_259
3110,U_260
3111,I_3667
3112,U_261
3113,I_1870
3114,I_3738
3115,I_2751
3116,I_1134
3117,I_3577
3118,I_313
3119,I_2561
3120,I_3765
3121,U_262
3122,I_3572
3123,U_263
3124,U_264
3125,U_265
3126,U_266
3127,U_267
3128,I_2239
3129,U_268
3130,I_619
3131,I_2799
3132,U_269
3133,U_270
3134,I_2848
3135,U_271
3136,U_272
3137,I_3433
3138,I_1598
3139,I_2458
3140,U_273
3141,U_274
3142,U_275
3143,U_276
3144,U_277
3145,U_278
3146,I_3573
3147,I_841
3148,I_3933
3149,I_2655
3150,I_3488
3151,I_2784
3152,I_3838
3153,I_3931
3154,I_3021
3155,I_2903
3156,I_2992
3157,I_2902
3158,I_3692
3159,I_1330
3160,I_2740
3161,I_3058
3162,I_3833
3163,U_279
3164,I_2095
3165,I_3339
3166,U_280
3167,I_2362
3168,U_281
3169,I_3569
3170,I_2388
3171,U_282
3172,U_283
3173,U_284
3174,I_652
3175,I_755
3176,I_3345
3177,I_3777
3178,I_2886
3179,I_882
3180,U_285
3181,I_77
3182,U_286
3183,U_287
3184,U_288
3185,U_289
3186,U_290
3187,U_291
3188,I_1496
3189,U_292
3190,U_293
3191,I_3490
3192,I_2855
3193,I_1990
3194,I_3318
3195,I_3344
3196,I_1725
3197,I_667
3198,I_1695
3199,I_1743
3200,I_2868
3201,I_3335
3202,I_600
3203,I_2891
3204,I_1165
3205,U_294
3206,U_295
3207,U_296
3208,U_297
3209,U_298
3210,U_299
3211,I_3372
3212,U_300
3213,U_301
3214,I_725
3215,U_302
3216,I_3645
3217,I_813
3218,I_1550
3219,I_1822
3220,I_3531
3221,I_2446
3222,I_747
3223,I_3669
3224,I_840
3225,I_1164
3226,U_303
3227,I_3446
3228,I_1362
3229,U_304
3230,I_681
3231,I_1069
3232,U_305
3233,I_2464
3234,I_1332
3235,U_306
3236,I_547
3237,U_307
3238,I_3133
3239,I_3310
3240,U_308
3241,I_3781
3242,U_309
3243,U_310
3244,I_1826
3245,I_484
3246,U_311
3247,U_312
3248,U_313
3249,I_2219
3250,U_314
3251,U_315
3252,U_316
3253,I_2256
3254,U_317
3255,U_318
3256,U_319
3257,I_3106
3258,I_2237
3259,I_3289
3260,I_726
3261,I_3813
3262,I_540
3263,I_278
3264,I_2521
3265,I_2386
3266,I_3445
3267,I_1397
3268,I_2290
3269,U_320
3270,U_321
3271,I_1342
3272,U_322
3273,U_323
3274,U_324
3275,U_325
3276,U_326
3277,U_327
3278,I_1039
3279,I_3894
3280,I_3496
3281,I_1384
3282,I_722
3283,I_375
3284,I_2843
3285,I_2825
3286,I_1163
3287,I_2933
3288,U_328
3289,U_329
3290,I_3597
3291,I_470
3292,I_612
3293,I_243
3294,I_1798
3295,I_3240
3296,I_1525
3297,I_102
3298,I_1490
3299,U_330
3300,U_331
3301,I_1791
3302,I_1351
3303,I_2175
3304,I_2620
3305,I_422
3306,I_75
3307,I_2281
3308,I_3183
3309,I_2293
3310,I_3128
3311,I_2885
3312,I_1006
3313,I_2425
3314,I_1651
3315,I_1511
3316,U_332
3317,I_57
3318,U_333
3319,I_3622
3320,I_2069
3321,I_2400
3322,I_1067
3323,U_334
3324,U_335
3325,I_1153
3326,I_3906
3327,I_2733
3328,U_336
3329,I_1383
3330,U_337
3331,I_2810
3332,I_49
3333,U_338
3334,U_339
3335,U_340
3336,I_3771
3337,U_341
3338,U_342
3339,U_343
3340,I_939
3341,I_3670
3342,I_1749
3343,I_1817
3344,U_344
3345,U_345
3346,I_124
3347,U_346
3348,I_2339
3349,U_347
3350,U_348
3351,U_349
3352,U_350
3353,U_351
3354,U_352
3355,I_210
3356,I_3158
3357,I_283
3358,I_2767
3359,I_1508
3360,I_1659
3361,I_1773
3362,I_228
3363,U_353
3364,U_354
3365,U_355
3366,I_2298
3367,U_356
3368,U_357
3369,U_358
3370,U_359
3371,U_360
3372,U_361
3373,U_362
3374,U_363
3375,U_364
3376,U_365
3377,U_366
3378,U_367
3379,U_368
3380,U_369
3381,U_370
3382,U_371
3383,U_372
3384,I_881
3385,U_373
3386,U_374
3387,U_375
3388,U_376
3389,I_3626
3390,U_377
3391,U_378
3392,U_379
3393,U_380
3394,U_381
3395,U_382
3396,I_116
3397,U_383
3398,I_807
3399,U_384
3400,I_2896
3401,U_385
3402,U_386
3403,I_96
3404,I_1906
3405,U_387
3406,U_388
3407,U_389
3408,I_3817
3409,I_2673
3410,I_2063
3411,U_390
3412,I_2853
3413,I_2754
3414,I_3351
3415,I_3935
3416,I_2465
3417,U_391
3418,I_746
3419,U_392
3420,I_3374
3421,U_393
3422,I_106
3423,U_394
3424,U_395
3425,U_396
3426,I_1455
3427,I_705
3428,U_397
3429,U_398
3430,I_2715
3431,U_399
3432,U_400
3433,U_401
3434,U_402
3435,U_403
3436,I_2837
3437,I_828
3438,U_404
3439,U_405
3440,U_406
3441,U_407
3442,I_626
3443,U_408
3444,I_3739
3445,I_1865
3446,U_409
3447,U_410
3448,U_411
3449,I_3924
3450,I_3293
3451,I_3276
3452,I_2179
3453,I_2079
3454,I_2618
3455,I_3912
3456,U_412
3457,I_3221
3458,I_1874
3459,I_1167
3460,U_413
3461,U_414
3462,U_415
3463,U_416
3464,U_417
3465,U_418
3466,U_419
3467,I_1538
3468,U_420
3469,U_421
3470,U_422
3471,U_423
3472,U_424
3473,I_3428
3474,I_2737
3475,I_3790
3476,I_1839
3477,I_3075
3478,I_2326
3479,I_3721
3480,I_3832
3481,I_2982
3482,I_2128
3483,I_3711
3484,I_1336
3485,I_2854
3486,I_1114
3487,U_425
3488,U_426
3489,U_427
3490,U_428
3491,U_429
3492,U_430
3493,U_431
3494,U_432
3495,U_433
3496,U_434
3497,U_435
3498,U_436
3499,U_437
3500,U_438
3501,I_2275
3502,I_1133
3503,I_1113
3504,I_1837
3505,U_439
3506,I_347
3507,U_440
3508,U_441
3509,U_442
3510,U_443
3511,U_444
3512,U_445
3513,I_1720
3514,U_446
3515,U_447
3516,U_448
3517,U_449
3518,U_450
3519,U_451
3520,U_452
3521,U_453
3522,I_1440
3523,U_454
3524,I_658
3525,I_2931
3526,I_3410
3527,I_578
3528,U_455
3529,U_456
3530,U_457
3531,I_2911
3532,U_458
3533,U_459
3534,U_460
3535,U_461
3536,I_2862
3537,I_3141
3538,I_3143
3539,I_3434
3540,I_3368
3541,U_462
3542,U_463
3543,U_464
3544,I_2481
3545,U_465
3546,U_466
3547,I_2201
3548,I_2847
3549,U_467
3550,U_468
3551,U_469
3552,U_470
3553,I_343
3554,U_471
3555,U_472
3556,U_473
3557,U_474
3558,I_1000
3559,I_331
3560,U_475
3561,I_212
3562,U_476
3563,I_656
3564,I_56
3565,U_477
3566,U_478
3567,U_479
3568,U_480
3569,U_481
3570,U_482
3571,I_3459
3572,I_2055
3573,U_483
3574,U_484
3575,U_485
3576,U_486
3577,U_487
3578,U_488
3579,U_489
3580,U_490
3581,U_491
3582,U_492
3583,U_493
3584,I_1412
3585,I_462
3586,I_1450
3587,U_494
3588,I_2031
3589,U_495
3590,U_496
3591,U_497
3592,U_498
3593,U_499
3594,U_500
3595,U_501
3596,U_502
3597,U_503
3598,U_504
3599,I_3648
3600,U_505
3601,U_506
3602,U_507
3603,I_1893
3604,U_508
3605,U_509
3606,I_716
3607,I_2586
3608,I_1539
3609,U_510
3610,U_511
3611,I_1579
3612,U_512
3613,U_513
3614,I_37
3615,I_2522
3616,U_514
3617,U_515
3618,U_516
3619,I_2487
3620,U_517
3621,I_3900
3622,U_518
3623,I_2131
3624,I_2056
3625,I_1656
3626,U_519
3627,U_520
3628,U_521
3629,U_522
3630,U_523
3631,U_524
3632,I_2778
3633,I_731
3634,I_1447
3635,I_1501
3636,I_1056
3637,I_103
3638,I_1809
3639,I_2850
3640,U_525
3641,I_1903
3642,U_526
3643,I_1062
3644,U_527
3645,U_528
3646,I_2834
3647,I_2486
3648,U_529
3649,U_530
3650,U_531
3651,I_1758
3652,I_270
3653,I_200
3654,I_917
3655,I_61
3656,I_3239
3657,U_532
3658,U_533
3659,I_1899
3660,I_2044
3661,I_2158
3662,I_3737
3663,U_534
3664,U_535
3665,I_1087
3666,I_3875
3667,U_536
3668,I_2743
3669,U_537
3670,U_538
3671,U_539
3672,U_540
3673,U_541
3674,I_114
3675,U_542
3676,U_543
3677,I_1626
3678,U_544
3679,U_545
3680,U_546
3681,I_3940
3682,U_547
3683,U_548
3684,U_549
3685,I_3313
3686,I_2211
3687,I_2164
3688,I_1853
3689,I_2753
3690,I_3734
3691,I_2535
3692,I_992
3693,I_3442
3694,I_3520
3695,U_550
3696,I_3632
3697,U_551
3698,U_552
3699,U_553
3700,I_811
3701,U_554
3702,U_555
3703,U_556
3704,U_557
3705,U_558
3706,U_559
3707,U_560
3708,U_561
3709,U_562
3710,U_563
3711,I_1570
3712,I_3759
3713,I_888
3714,I_3775
3715,U_564
3716,U_565
3717,U_566
3718,U_567
3719,U_568
3720,U_569
3721,U_570
3722,I_885
3723,I_3848
3724,U_571
3725,U_572
3726,U_573
3727,U_574
3728,U_575
3729,U_576
3730,U_577
3731,U_578
3732,U_579
3733,U_580
3734,I_3137
3735,I_402
3736,U_581
3737,U_582
3738,U_583
3739,U_584
3740,U_585
3741,U_586
3742,U_587
3743,I_2631
3744,I_1565
3745,I_576
3746,I_297
3747,I_1558
3748,I_1439
3749,U_588
3750,I_3588
3751,I_1406
3752,U_589
3753,U_590
3754,I_3562
3755,I_1549
3756,I_341
3757,U_591
3758,U_592
3759,U_593
3760,U_594
3761,U_595
3762,U_596
3763,U_597
3764,U_598
3765,U_599
3766,U_600
3767,U_601
3768,U_602
3769,I_3878
3770,I_1692
3771,U_603
3772,U_604
3773,U_605
3774,U_606
3775,U_607
3776,U_608
3777,U_609
3778,U_610
3779,U_611
3780,U_612
3781,U_613
3782,U_614
3783,U_615
3784,U_616
3785,U_617
3786,U_618
3787,U_619
3788,U_620
3789,U_621
3790,I_1168
3791,U_622
3792,U_623
3793,U_624
3794,I_3140
3795,I_3862
3796,U_625
3797,U_626
3798,U_627
3799,U_628
3800,U_629
3801,I_2892
3802,I_3899
3803,I_3866
3804,I_1026
3805,I_3892
3806,U_630
3807,U_631
3808,U_632
3809,U_633
3810,U_634
3811,U_635
3812,U_636
3813,U_637
3814,U_638
3815,U_639
3816,U_640
3817,U_641
3818,U_642
3819,U_643
3820,U_644
3821,I_3407
3822,U_645
3823,U_646
3824,U_647
3825,I_3463
3826,I_1170
3827,I_304
3828,U_648
3829,U_649
3830,U_650
3831,U_651
3832,U_652
3833,I_2452
3834,I_2842
3835,U_653
3836,U_654
3837,U_655
3838,I_2074
3839,I_80
3840,I_1846
3841,I_2426
3842,I_136
3843,I_3714
3844,I_3223
3845,I_1567
3846,I_2674
3847,I_3378
3848,U_656
3849,I_3232
3850,U_657
3851,U_658
3852,U_659
3853,U_660
3854,I_710
3855,I_1458
3856,I_554
3857,I_2536
3858,I_2466
3859,I_386
3860,U_661
3861,I_2200
3862,U_662
3863,U_663
3864,U_664
3865,U_665
3866,U_666
3867,U_667
3868,U_668
3869,U_669
3870,U_670
3871,I_545
3872,I_3581
3873,U_671
3874,U_672
3875,U_673
3876,I_167
3877,I_2773
3878,I_1117
3879,I_2577
3880,U_674
3881,U_675
3882,U_676
3883,U_677
3884,I_2760
3885,I_3803
3886,U_678
3887,I_3776
3888,I_238
3889,I_2397
3890,I_3575
3891,I_2756
3892,I_860
3893,I_1696
3894,U_679
3895,U_680
3896,U_681
3897,U_682
3898,U_683
3899,U_684
3900,U_685
3901,U_686
3902,U_687
3903,U_688
3904,U_689
3905,U_690
3906,U_691
3907,U_692
3908,U_693
3909,U_694
3910,U_695
3911,U_696
3912,U_697
3913,U_698
3914,I_3306
3915,U_699
3916,I_2205
3917,I_2207
3918,I_478
3919,I_867
3920,I_3184
3921,I_2509
3922,I_1494
3923,U_700
3924,I_3647
3925,I_2727
3926,U_701
3927,U_702
3928,U_703
3929,U_704
3930,U_705
3931,I_244
3932,U_706
3933,I_2960
3934,I_2304
3935,U_707
3936,U_708
3937,U_709
3938,I_2061
3939,U_710
3940,I_2185
3941,I_2317
3942,I_2187
3943,U_711
3944,U_712
3945,U_713
3946,U_714
3947,U_715
3948,U_716
3949,U_717
3950,U_718
3951,U_719
3952,U_720
3953,U_721
3954,I_1864
3955,U_722
3956,U_723
3957,U_724
3958,U_725
3959,U_726
3960,U_727
3961,U_728
3962,U_729
3963,U_730
3964,U_731
3965,I_1793
3966,I_2510
3967,I_496
3968,I_958
3969,I_2215
3970,I_1493
3971,I_1829
3972,I_2675
3973,U_732
3974,I_2156
3975,U_733
3976,I_2251
3977,U_734
3978,U_735
3979,U_736
3980,U_737
3981,U_738
3982,U_739
3983,U_740
3984,U_741
3985,U_742
3986,U_743
3987,U_744
3988,U_745
3989,U_746
3990,I_1796
3991,U_747
3992,U_748
3993,U_749
3994,U_750
3995,U_751
3996,U_752
3997,I_3495
3998,I_1514
3999,I_3568
4000,I_3880
4001,I_3319
4002,I_1668
4003,I_2945
4004,I_1814
4005,I_1561
4006,I_614
4007,U_753
4008,I_310
4009,U_754
4010,U_755
4011,U_756
4012,U_757
4013,U_758
4014,U_759
4015,I_925
4016,U_760
4017,I_121
4018,I_385
4019,U_761
4020,U_762
4021,U_763
4022,U_764
4023,U_765
4024,U_766
4025,U_767
4026,U_768
4027,U_769
4028,U_770
4029,U_771
4030,U_772
4031,U_773
4032,U_774
4033,U_775
4034,U_776
4035,U_777
4036,I_59
4037,I_2578
4038,I_1901
4039,U_778
4040,U_779
4041,U_780
4042,I_3523
4043,U_781
4044,U_782
4045,I_3002
4046,U_783
4047,U_784
4048,U_785
4049,U_786
4050,U_787
4051,U_788
4052,U_789
4053,U_790
4054,U_791
4055,U_792
4056,U_793
4057,U_794
4058,U_795
4059,I_2283
4060,U_796
4061,I_3122
4062,I_443
4063,U_797
4064,U_798
4065,I_2449
4066,I_3805
4067,U_799
4068,U_800
4069,U_801
4070,I_452
4071,I_359
4072,U_802
4073,U_803
4074,U_804
4075,U_805
4076,U_806
4077,U_807
4078,U_808
4079,I_397
4080,I_3665
4081,I_1989
4082,U_809
4083,U_810
4084,U_811
4085,U_812
4086,U_813
4087,U_814
4088,U_815
4089,U_816
4090,U_817
4091,I_2332
4092,U_818
4093,U_819
4094,U_820
4095,U_821
4096,U_822
4097,U_823
4098,U_824
4099,I_1575
4100,I_2593
4101,U_825
4102,U_826
4103,I_756
4104,U_827
4105,U_828
4106,U_829
4107,I_2691
4108,U_830
4109,U_831
4110,U_832
4111,U_833
4112,U_834
4113,U_835
4114,U_836
4115,U_837
4116,U_838
4117,U_839
4118,U_840
4119,U_841
4120,U_842
4121,U_843
4122,U_844
4123,U_845
4124,U_846
4125,U_847
4126,U_848
4127,U_849
4128,U_850
4129,I_3218
4130,I_3346
4131,I_2981
4132,I_792
4133,I_3800
4134,I_3333
4135,I_3850
4136,U_851
4137,U_852
4138,U_853
4139,U_854
4140,U_855
4141,I_1002
4142,I_3691
4143,U_856
4144,U_857
4145,U_858
4146,U_859
4147,I_1341
4148,I_220
4149,U_860
4150,U_861
4151,U_862
4152,U_863
4153,U_864
4154,I_335
4155,U_865
4156,U_866
4157,U_867
4158,U_868
4159,U_869
4160,I_2556
4161,I_2350
4162,I_1426
4163,U_870
4164,U_871
4165,U_872
4166,U_873
4167,I_3154
4168,I_2934
4169,U_874
4170,U_875
4171,U_876
4172,U_877
4173,U_878
4174,U_879
4175,U_880
4176,U_881
4177,I_1636
4178,I_980
4179,I_1679
4180,I_394
4181,I_814
4182,I_702
4183,U_882
4184,U_883
4185,U_884
4186,U_885
4187,U_886
4188,U_887
4189,U_888
4190,U_889
4191,I_33
4192,I_1151
4193,I_1486
4194,I_1504
4195,I_1071
4196,I_744
4197,I_559
4198,I_389
4199,I_1844
4200,I_3637
4201,I_2962
4202,I_850
4203,I_1160
4204,I_2197
4205,I_2440
4206,I_2775
4207,I_1325
4208,I_997
4209,U_890
4210,I_3845
4211,U_891
4212,U_892
4213,U_893
4214,U_894
4215,U_895
4216,U_896
4217,U_897
4218,U_898
4219,U_899
4220,U_900
4221,U_901
4222,U_902
4223,U_903
4224,U_904
4225,U_905
4226,U_906
4227,U_907
4228,U_908
4229,U_909
4230,U_910
4231,U_911
4232,U_912
4233,U_913
4234,U_914
4235,U_915
4236,U_916
4237,U_917
4238,U_918
4239,U_919
4240,U_920
4241,U_921
4242,U_922
4243,U_923
4244,U_924
4245,U_925
4246,U_926
4247,U_927
4248,U_928
4249,U_929
4250,U_930
4251,I_1671
4252,U_931
4253,U_932
4254,U_933
4255,U_934
4256,I_2914
4257,U_935
4258,I_3482
4259,U_936
4260,U_937
4261,U_938
4262,U_939
4263,I_3126
4264,U_940
4265,U_941
4266,U_942
4267,U_943
4268,U_944
4269,U_945
4270,U_946
4271,U_947
4272,U_948
4273,I_2658
4274,U_949
4275,U_950
4276,U_951
4277,U_952
4278,U_953
4279,U_954
4280,U_955
4281,U_956
4282,U_957
4283,U_958
4284,U_959
4285,U_960
4286,U_961
4287,U_962
4288,U_963
4289,U_964
4290,U_965
4291,U_966
4292,I_776
4293,U_967
4294,U_968
4295,U_969
4296,U_970
4297,I_189
4298,U_971
4299,U_972
4300,U_973
4301,U_974
4302,I_1174
4303,U_975
4304,I_1898
4305,I_108
4306,I_2758
4307,U_976
4308,U_977
4309,U_978
4310,U_979
4311,U_980
4312,U_981
4313,U_982
4314,U_983
4315,U_984
4316,I_3853
4317,U_985
4318,U_986
4319,U_987
4320,U_988
4321,U_989
4322,U_990
4323,U_991
4324,U_992
4325,I_3209
4326,U_993
4327,U_994
4328,U_995
4329,U_996
4330,U_997
4331,U_998
4332,I_2192
4333,U_999
4334,U_1000
4335,U_1001
4336,I_2545
4337,I_1519
4338,U_1002
4339,U_1003
4340,U_1004
4341,U_1005
4342,U_1006
4343,U_1007
4344,U_1008
4345,U_1009
4346,U_1010
4347,I_411
4348,I_1622
4349,I_1098
4350,U_1011
4351,U_1012
4352,U_1013
4353,U_1014
4354,U_1015
4355,I_1369
4356,I_3151
4357,I_1038
4358,I_2923
4359,U_1016
4360,U_1017
4361,I_3847
4362,I_3026
4363,I_2635
4364,I_3574
4365,I_1335
4366,I_3027
4367,I_2636
4368,I_3772
4369,I_3757
4370,I_1324
4371,U_1018
4372,U_1019
4373,I_2257
4374,I_3012
4375,I_2809
4376,U_1020
4377,U_1021
4378,U_1022
4379,U_1023
4380,U_1024
4381,U_1025
4382,U_1026
4383,I_3570
4384,U_1027
4385,U_1028
4386,U_1029
4387,U_1030
4388,U_1031
4389,U_1032
4390,U_1033
4391,U_1034
4392,I_3492
4393,U_1035
4394,U_1036
4395,U_1037
4396,U_1038
4397,U_1039
4398,U_1040
4399,U_1041
4400,U_1042
4401,U_1043
4402,U_1044
4403,U_1045
4404,U_1046
4405,U_1047
4406,U_1048
4407,U_1049
4408,U_1050
4409,U_1051
4410,U_1052
4411,U_1053
4412,U_1054
4413,U_1055
4414,U_1056
4415,U_1057
4416,U_1058
4417,U_1059
4418,U_1060
4419,U_1061
4420,U_1062
4421,U_1063
4422,I_563
4423,U_1064
4424,U_1065
4425,U_1066
4426,U_1067
4427,U_1068
4428,U_1069
4429,I_758
4430,I_1872
4431,I_567
4432,I_3116
4433,I_2234
4434,I_895
4435,I_526
4436,I_90
4437,I_672
4438,I_2503
4439,I_2557
4440,I_2233
4441,I_1116
4442,I_682
4443,I_2705
4444,I_1312
4445,I_53
4446,I_730
4447,I_862
4448,I_2441
4449,I_3944
4450,I_3636
4451,U_1070
4452,U_1071
4453,U_1072
4454,U_1073
4455,U_1074
4456,U_1075
4457,U_1076
4458,U_1077
4459,U_1078
4460,U_1079
4461,U_1080
4462,U_1081
4463,U_1082
4464,U_1083
4465,U_1084
4466,U_1085
4467,U_1086
4468,U_1087
4469,U_1088
4470,I_120
4471,I_962
4472,I_2172
4473,I_618
4474,U_1089
4475,U_1090
4476,U_1091
4477,U_1092
4478,U_1093
4479,U_1094
4480,U_1095
4481,U_1096
4482,U_1097
4483,U_1098
4484,U_1099
4485,U_1100
4486,U_1101
4487,U_1102
4488,U_1103
4489,U_1104
4490,U_1105
4491,U_1106
4492,U_1107
4493,U_1108
4494,U_1109
4495,U_1110
4496,U_1111
4497,U_1112
4498,U_1113
4499,U_1114
4500,U_1115
4501,U_1116
4502,U_1117
4503,U_1118
4504,U_1119
4505,U_1120
4506,U_1121
4507,U_1122
4508,U_1123
4509,U_1124
4510,U_1125
4511,U_1126
4512,U_1127
4513,U_1128
4514,U_1129
4515,U_1130
4516,U_1131
4517,U_1132
4518,U_1133
4519,U_1134
4520,U_1135
4521,U_1136
4522,U_1137
4523,I_703
4524,U_1138
4525,U_1139
4526,I_3003
4527,U_1140
4528,I_2823
4529,I_2814
4530,I_3642
4531,I_967
4532,I_3486
4533,U_1141
4534,I_641
4535,I_972
4536,U_1142
4537,U_1143
4538,U_1144
4539,U_1145
4540,U_1146
4541,I_2608
4542,U_1147
4543,I_1138
4544,I_2342
4545,I_245
4546,I_3657
4547,I_1444
4548,U_1148
4549,U_1149
4550,U_1150
4551,I_769
4552,I_2523
4553,I_197
4554,I_985
4555,I_698
4556,I_1574
4557,I_3542
4558,I_131
4559,I_2776
4560,I_1436
4561,I_2576
4562,U_1151
4563,U_1152
4564,U_1153
4565,U_1154
4566,I_192
4567,U_1155
4568,U_1156
4569,U_1157
4570,U_1158
4571,U_1159
4572,U_1160
4573,U_1161
4574,U_1162
4575,U_1163
4576,U_1164
4577,I_2127
4578,I_887
4579,I_2869
4580,I_712
4581,I_1850
4582,U_1165
4583,U_1166
4584,U_1167
4585,U_1168
4586,U_1169
4587,U_1170
4588,U_1171
4589,U_1172
4590,U_1173
4591,U_1174
4592,I_2358
4593,U_1175
4594,U_1176
4595,U_1177
4596,U_1178
4597,U_1179
4598,U_1180
4599,U_1181
4600,I_1181
4601,I_1675
4602,I_1121
4603,I_2562
4604,I_1849
4605,U_1182
4606,U_1183
4607,U_1184
4608,U_1185
4609,U_1186
4610,U_1187
4611,U_1188
4612,U_1189
4613,U_1190
4614,U_1191
4615,U_1192
4616,U_1193
4617,U_1194
4618,U_1195
4619,U_1196
4620,U_1197
4621,U_1198
4622,U_1199
4623,U_1200
4624,U_1201
4625,U_1202
4626,U_1203
4627,U_1204
4628,U_1205
4629,U_1206
4630,U_1207
4631,U_1208
4632,U_1209
4633,U_1210
4634,U_1211
4635,U_1212
4636,U_1213
4637,U_1214
4638,I_3644
4639,U_1215
4640,U_1216
4641,U_1217
4642,U_1218
4643,I_401
4644,U_1219
4645,U_1220
4646,U_1221
4647,U_1222
4648,U_1223
4649,U_1224
4650,I_2227
4651,I_2221
4652,U_1225
4653,U_1226
4654,U_1227
4655,I_3131
4656,U_1228
4657,U_1229
4658,U_1230
4659,U_1231
4660,U_1232
4661,U_1233
4662,U_1234
4663,U_1235
4664,U_1236
4665,U_1237
4666,U_1238
4667,U_1239
4668,U_1240
4669,U_1241
4670,U_1242
4671,I_3228
4672,I_1315
4673,I_2813
4674,I_1144
4675,U_1243
4676,U_1244
4677,U_1245
4678,U_1246
4679,I_219
4680,U_1247
4681,I_3294
4682,U_1248
4683,U_1249
4684,U_1250
4685,U_1251
4686,U_1252
4687,U_1253
4688,U_1254
4689,U_1255
4690,U_1256
4691,U_1257
4692,U_1258
4693,I_3305
4694,U_1259
4695,U_1260
4696,U_1261
4697,U_1262
4698,U_1263
4699,U_1264
4700,U_1265
4701,U_1266
4702,I_3891
4703,I_2191
4704,U_1267
4705,I_643
4706,U_1268
4707,U_1269
4708,U_1270
4709,U_1271
4710,U_1272
4711,U_1273
4712,U_1274
4713,I_3419
4714,I_3888
4715,I_2632
4716,I_823
4717,U_1275
4718,U_1276
4719,U_1277
4720,U_1278
4721,U_1279
4722,U_1280
4723,U_1281
4724,U_1282
4725,U_1283
4726,U_1284
4727,U_1285
4728,U_1286
4729,U_1287
4730,U_1288
4731,U_1289
4732,U_1290
4733,U_1291
4734,I_2619
4735,U_1292
4736,U_1293
4737,U_1294
4738,U_1295
4739,U_1296
4740,U_1297
4741,U_1298
4742,I_1877
4743,U_1299
4744,U_1300
4745,U_1301
4746,U_1302
4747,U_1303
4748,U_1304
4749,U_1305
4750,U_1306
4751,I_3722
4752,U_1307
4753,U_1308
4754,U_1309
4755,U_1310
4756,U_1311
4757,U_1312
4758,U_1313
4759,U_1314
4760,U_1315
4761,U_1316
4762,U_1317
4763,I_2563
4764,I_3905
4765,U_1318
4766,U_1319
4767,U_1320
4768,U_1321
4769,U_1322
4770,I_2246
4771,U_1323
4772,U_1324
4773,U_1325
4774,U_1326
4775,U_1327
4776,U_1328
4777,U_1329
4778,U_1330
4779,U_1331
4780,U_1332
4781,U_1333
4782,I_853
4783,U_1334
4784,U_1335
4785,I_729
4786,U_1336
4787,U_1337
4788,U_1338
4789,U_1339
4790,I_3904
4791,U_1340
4792,I_1548
4793,U_1341
4794,I_1433
4795,U_1342
4796,U_1343
4797,U_1344
4798,U_1345
4799,I_1878
4800,U_1346
4801,U_1347
4802,U_1348
4803,U_1349
4804,U_1350
4805,U_1351
4806,U_1352
4807,I_696
4808,I_1364
4809,U_1353
4810,U_1354
4811,U_1355
4812,U_1356
4813,I_2765
4814,U_1357
4815,U_1358
4816,U_1359
4817,U_1360
4818,U_1361
4819,U_1362
4820,U_1363
4821,U_1364
4822,U_1365
4823,U_1366
4824,U_1367
4825,U_1368
4826,U_1369
4827,U_1370
4828,U_1371
4829,U_1372
4830,U_1373
4831,U_1374
4832,U_1375
4833,U_1376
4834,U_1377
4835,U_1378
4836,U_1379
4837,U_1380
4838,U_1381
4839,U_1382
4840,U_1383
4841,I_3517
4842,I_598
4843,U_1384
4844,U_1385
4845,U_1386
4846,U_1387
4847,U_1388
4848,U_1389
4849,U_1390
4850,I_2984
4851,U_1391
4852,U_1392
4853,U_1393
4854,U_1394
4855,U_1395
4856,I_3601
4857,U_1396
4858,U_1397
4859,U_1398
4860,U_1399
4861,U_1400
4862,U_1401
4863,U_1402
4864,U_1403
4865,U_1404
4866,U_1405
4867,U_1406
4868,U_1407
4869,U_1408
4870,U_1409
4871,U_1410
4872,U_1411
4873,U_1412
4874,U_1413
4875,U_1414
4876,U_1415
4877,U_1416
4878,U_1417
4879,U_1418
4880,U_1419
4881,U_1420
4882,U_1421
4883,U_1422
4884,U_1423
4885,U_1424
4886,U_1425
4887,U_1426
4888,U_1427
4889,I_3322
4890,U_1428
4891,U_1429
4892,U_1430
4893,U_1431
4894,U_1432
4895,U_1433
4896,U_1434
4897,U_1435
4898,I_3303
4899,U_1436
4900,U_1437
4901,U_1438
4902,U_1439
4903,U_1440
4904,U_1441
4905,U_1442
4906,U_1443
4907,U_1444
4908,U_1445
4909,U_1446
4910,U_1447
4911,U_1448
4912,I_3887
4913,U_1449
4914,U_1450
4915,U_1451
4916,I_2101
4917,U_1452
4918,U_1453
4919,U_1454
4920,U_1455
4921,U_1456
4922,U_1457
4923,U_1458
4924,U_1459
4925,U_1460
4926,U_1461
4927,U_1462
4928,U_1463
4929,U_1464
4930,U_1465
4931,U_1466
4932,U_1467
4933,U_1468
4934,U_1469
4935,U_1470
4936,I_3641
4937,I_3828
4938,I_796
4939,I_2742
4940,I_601
4941,I_789
4942,I_3136
4943,I_2569
4944,I_579
4945,I_977
4946,I_1908
4947,I_1115
4948,I_1386
4949,I_644
4950,I_1718
4951,I_3621
4952,I_2538
4953,I_2235
4954,I_3216
4955,I_623
4956,I_1630
4957,I_1652
4958,I_3687
4959,I_142
4960,I_859
4961,I_1787
4962,I_1118
4963,I_3312
4964,I_3166
4965,I_2584
4966,I_3212
4967,I_1553
4968,I_1764
4969,I_1145
4970,I_3493
4971,I_1510
4972,I_3220
4973,I_651
4974,I_1142
4975,I_660
4976,I_3778
4977,I_3876
4978,I_3321
4979,U_1471
4980,U_1472
4981,U_1473
4982,I_3283
4983,U_1474
4984,U_1475
4985,U_1476
4986,U_1477
4987,U_1478
4988,U_1479
4989,U_1480
4990,U_1481
4991,U_1482
4992,U_1483
4993,U_1484
4994,I_884
4995,U_1485
4996,U_1486
4997,U_1487
4998,U_1488
4999,U_1489
5000,U_1490
5001,I_2831
5002,U_1491
5003,U_1492
5004,U_1493
5005,U_1494
5006,U_1495
5007,U_1496
5008,I_3085
5009,U_1497
5010,U_1498
5011,U_1499
5012,U_1500
5013,U_1501
5014,U_1502
5015,U_1503
5016,U_1504
5017,U_1505
5018,U_1506
5019,U_1507
5020,U_1508
5021,U_1509
5022,U_1510
5023,U_1511
5024,U_1512
5025,U_1513
5026,U_1514
5027,U_1515
5028,U_1516
5029,U_1517
5030,U_1518
5031,U_1519
5032,U_1520
5033,U_1521
5034,U_1522
5035,U_1523
5036,U_1524
5037,U_1525
5038,U_1526
5039,U_1527
5040,U_1528
5041,U_1529
5042,U_1530
5043,U_1531
5044,U_1532
5045,U_1533
5046,U_1534
5047,U_1535
5048,U_1536
5049,U_1537
5050,U_1538
5051,U_1539
5052,U_1540
5053,U_1541
5054,U_1542
5055,U_1543
5056,U_1544
5057,U_1545
5058,U_1546
5059,U_1547
5060,U_1548
5061,U_1549
5062,U_1550
5063,U_1551
5064,U_1552
5065,U_1553
5066,U_1554
5067,U_1555
5068,U_1556
5069,U_1557
5070,U_1558
5071,U_1559
5072,U_1560
5073,U_1561
5074,U_1562
5075,U_1563
5076,U_1564
5077,U_1565
5078,U_1566
5079,U_1567
5080,U_1568
5081,U_1569
5082,U_1570
5083,U_1571
5084,U_1572
5085,U_1573
5086,U_1574
5087,U_1575
5088,U_1576
5089,U_1577
5090,U_1578
5091,U_1579
5092,U_1580
5093,U_1581
5094,U_1582
5095,U_1583
5096,U_1584
5097,U_1585
5098,U_1586
5099,U_1587
5100,U_1588
5101,U_1589
5102,U_1590
5103,U_1591
5104,U_1592
5105,U_1593
5106,U_1594
5107,U_1595
5108,U_1596
5109,U_1597
5110,U_1598
5111,U_1599
5112,I_1685
5113,U_1600
5114,U_1601
5115,U_1602
5116,U_1603
5117,U_1604
5118,U_1605
5119,I_3748
5120,I_1040
5121,I_3611
5122,U_1606
5123,U_1607
5124,U_1608
5125,I_1528
5126,U_1609
5127,U_1610
5128,U_1611
5129,U_1612
5130,U_1613
5131,U_1614
5132,U_1615
5133,U_1616
5134,U_1617
5135,U_1618
5136,U_1619
5137,U_1620
5138,U_1621
5139,U_1622
5140,U_1623
5141,U_1624
5142,U_1625
5143,U_1626
5144,U_1627
5145,I_3595
5146,U_1628
5147,U_1629
5148,U_1630
5149,I_815
5150,U_1631
5151,U_1632
5152,I_1149
5153,I_2254
5154,U_1633
5155,U_1634
5156,U_1635
5157,U_1636
5158,U_1637
5159,U_1638
5160,U_1639
5161,U_1640
5162,U_1641
5163,U_1642
5164,U_1643
5165,U_1644
5166,U_1645
5167,I_834
5168,I_2299
5169,U_1646
5170,U_1647
5171,I_1520
5172,U_1648
5173,U_1649
5174,U_1650
5175,U_1651
5176,U_1652
5177,U_1653
5178,U_1654
5179,U_1655
5180,U_1656
5181,U_1657
5182,U_1658
5183,U_1659
5184,U_1660
5185,U_1661
5186,U_1662
5187,U_1663
5188,U_1664
5189,U_1665
5190,U_1666
5191,U_1667
5192,U_1668
5193,U_1669
5194,U_1670
5195,U_1671
5196,U_1672
5197,U_1673
5198,U_1674
5199,U_1675
5200,U_1676
5201,U_1677
5202,U_1678
5203,U_1679
5204,U_1680
5205,I_775
5206,I_3282
5207,I_864
5208,U_1681
5209,U_1682
5210,U_1683
5211,U_1684
5212,U_1685
5213,I_1420
5214,U_1686
5215,U_1687
5216,U_1688
5217,U_1689
5218,U_1690
5219,U_1691
5220,U_1692
5221,U_1693
5222,U_1694
5223,U_1695
5224,U_1696
5225,U_1697
5226,U_1698
5227,U_1699
5228,U_1700
5229,U_1701
5230,U_1702
5231,U_1703
5232,U_1704
5233,U_1705
5234,U_1706
5235,U_1707
5236,U_1708
5237,U_1709
5238,U_1710
5239,U_1711
5240,U_1712
5241,U_1713
5242,I_690
5243,I_684
5244,I_1534
5245,U_1714
5246,U_1715
5247,U_1716
5248,U_1717
5249,U_1718
5250,U_1719
5251,U_1720
5252,U_1721
5253,U_1722
5254,U_1723
5255,U_1724
5256,U_1725
5257,U_1726
5258,U_1727
5259,U_1728
5260,U_1729
5261,U_1730
5262,U_1731
5263,U_1732
5264,U_1733
5265,I_3652
5266,U_1734
5267,U_1735
5268,U_1736
5269,U_1737
5270,U_1738
5271,U_1739
5272,U_1740
5273,U_1741
5274,I_3277
5275,I_3666
5276,U_1742
5277,U_1743
5278,U_1744
5279,U_1745
5280,U_1746
5281,U_1747
5282,U_1748
5283,U_1749
5284,I_3295
5285,I_3377
5286,U_1750
5287,U_1751
5288,U_1752
5289,U_1753
5290,I_1780
5291,U_1754
5292,U_1755
5293,I_1107
5294,U_1756
5295,U_1757
5296,U_1758
5297,I_560
5298,U_1759
5299,U_1760
5300,U_1761
5301,U_1762
5302,U_1763
5303,U_1764
5304,U_1765
5305,U_1766
5306,U_1767
5307,U_1768
5308,U_1769
5309,U_1770
5310,U_1771
5311,U_1772
5312,U_1773
5313,U_1774
5314,U_1775
5315,U_1776
5316,U_1777
5317,U_1778
5318,I_706
5319,I_3458
5320,U_1779
5321,U_1780
5322,U_1781
5323,U_1782
5324,U_1783
5325,U_1784
5326,U_1785
5327,U_1786
5328,U_1787
5329,U_1788
5330,U_1789
5331,U_1790
5332,U_1791
5333,U_1792
5334,U_1793
5335,U_1794
5336,U_1795
5337,U_1796
5338,U_1797
5339,U_1798
5340,U_1799
5341,U_1800
5342,U_1801
5343,U_1802
5344,U_1803
5345,U_1804
5346,U_1805
5347,U_1806
5348,U_1807
5349,U_1808
5350,U_1809
5351,U_1810
5352,U_1811
5353,U_1812
5354,I_2226
5355,U_1813
5356,U_1814
5357,U_1815
5358,U_1816
5359,U_1817
5360,U_1818
5361,U_1819
5362,U_1820
5363,U_1821
5364,U_1822
5365,U_1823
5366,U_1824
5367,U_1825
5368,U_1826
5369,U_1827
5370,U_1828
5371,U_1829
5372,U_1830
5373,U_1831
5374,U_1832
5375,U_1833
5376,U_1834
5377,U_1835
5378,U_1836
5379,U_1837
5380,U_1838
5381,U_1839
5382,U_1840
5383,U_1841
5384,U_1842
5385,U_1843
5386,U_1844
5387,U_1845
5388,U_1846
5389,U_1847
5390,U_1848
5391,U_1849
5392,U_1850
5393,U_1851
5394,U_1852
5395,U_1853
5396,U_1854
5397,U_1855
5398,U_1856
5399,U_1857
5400,U_1858
5401,I_1815
5402,U_1859
5403,U_1860
5404,U_1861
5405,U_1862
5406,U_1863
5407,U_1864
5408,I_1154
5409,I_2444
5410,U_1865
5411,I_3353
5412,U_1866
5413,U_1867
5414,U_1868
5415,U_1869
5416,U_1870
5417,U_1871
5418,U_1872
5419,U_1873
5420,U_1874
5421,U_1875
5422,U_1876
5423,U_1877
5424,I_3352
5425,U_1878
5426,U_1879
5427,U_1880
5428,U_1881
5429,U_1882
5430,U_1883
5431,U_1884
5432,I_1770
5433,U_1885
5434,U_1886
5435,U_1887
5436,U_1888
5437,U_1889
5438,U_1890
5439,U_1891
5440,U_1892
5441,U_1893
5442,U_1894
5443,U_1895
5444,U_1896
5445,U_1897
5446,I_398
5447,U_1898
5448,U_1899
5449,U_1900
5450,U_1901
5451,U_1902
5452,U_1903
5453,U_1904
5454,U_1905
5455,U_1906
5456,U_1907
5457,U_1908
5458,U_1909
5459,U_1910
5460,U_1911
5461,U_1912
5462,I_2209
5463,U_1913
5464,U_1914
5465,U_1915
5466,I_989
5467,U_1916
5468,U_1917
5469,U_1918
5470,U_1919
5471,U_1920
5472,U_1921
5473,U_1922
5474,U_1923
5475,U_1924
5476,U_1925
5477,U_1926
5478,I_3288
5479,U_1927
5480,U_1928
5481,U_1929
5482,U_1930
5483,U_1931
5484,U_1932
5485,U_1933
5486,U_1934
5487,U_1935
5488,U_1936
5489,U_1937
5490,U_1938
5491,U_1939
5492,U_1940
5493,U_1941
5494,U_1942
5495,U_1943
5496,U_1944
5497,U_1945
5498,U_1946
5499,U_1947
5500,U_1948
5501,U_1949
5502,U_1950
5503,U_1951
5504,U_1952
5505,U_1953
5506,U_1954
5507,U_1955
5508,U_1956
5509,U_1957
5510,U_1958
5511,U_1959
5512,U_1960
5513,U_1961
5514,U_1962
5515,U_1963
5516,U_1964
5517,U_1965
5518,U_1966
5519,U_1967
5520,U_1968
5521,U_1969
5522,U_1970
5523,U_1971
5524,U_1972
5525,U_1973
5526,U_1974
5527,U_1975
5528,U_1976
5529,U_1977
5530,U_1978
5531,U_1979
5532,U_1980
5533,U_1981
5534,U_1982
5535,I_1532
5536,U_1983
5537,U_1984
5538,U_1985
5539,U_1986
5540,U_1987
5541,U_1988
5542,U_1989
5543,U_1990
5544,U_1991
5545,U_1992
5546,U_1993
5547,U_1994
5548,U_1995
5549,U_1996
5550,U_1997
5551,U_1998
5552,U_1999
5553,U_2000
5554,U_2001
5555,U_2002
5556,U_2003
5557,U_2004
5558,U_2005
5559,U_2006
5560,U_2007
5561,U_2008
5562,U_2009
5563,U_2010
5564,U_2011
5565,U_2012
5566,U_2013
5567,U_2014
5568,U_2015
5569,U_2016
5570,I_966
5571,U_2017
5572,U_2018
5573,U_2019
5574,U_2020
5575,U_2021
5576,U_2022
5577,U_2023
5578,U_2024
5579,U_2025
5580,U_2026
5581,U_2027
5582,U_2028
5583,U_2029
5584,U_2030
5585,U_2031
5586,U_2032
5587,U_2033
5588,U_2034
5589,U_2035
5590,U_2036
5591,U_2037
5592,U_2038
5593,U_2039
5594,U_2040
5595,U_2041
5596,U_2042
5597,U_2043
5598,U_2044
5599,U_2045
5600,U_2046
5601,U_2047
5602,U_2048
5603,U_2049
5604,U_2050
5605,U_2051
5606,U_2052
5607,U_2053
5608,U_2054
5609,U_2055
5610,U_2056
5611,U_2057
5612,U_2058
5613,U_2059
5614,U_2060
5615,U_2061
5616,U_2062
5617,U_2063
5618,I_2592
5619,I_1886
5620,U_2064
5621,U_2065
5622,U_2066
5623,U_2067
5624,U_2068
5625,U_2069
5626,U_2070
5627,U_2071
5628,U_2072
5629,U_2073
5630,U_2074
5631,U_2075
5632,U_2076
5633,U_2077
5634,U_2078
5635,U_2079
5636,U_2080
5637,U_2081
5638,U_2082
5639,U_2083
5640,U_2084
5641,U_2085
5642,U_2086
5643,U_2087
5644,U_2088
5645,U_2089
5646,U_2090
5647,U_2091
5648,U_2092
5649,U_2093
5650,U_2094
5651,U_2095
5652,U_2096
5653,U_2097
5654,I_657
5655,U_2098
5656,U_2099
5657,U_2100
5658,U_2101
5659,U_2102
5660,U_2103
5661,U_2104
5662,U_2105
5663,U_2106
5664,I_2039
5665,U_2107
5666,U_2108
5667,U_2109
5668,U_2110
5669,U_2111
5670,U_2112
5671,U_2113
5672,U_2114
5673,U_2115
5674,U_2116
5675,U_2117
5676,U_2118
5677,U_2119
5678,U_2120
5679,U_2121
5680,I_3818
5681,I_749
5682,U_2122
5683,U_2123
5684,U_2124
5685,U_2125
5686,U_2126
5687,U_2127
5688,U_2128
5689,U_2129
5690,I_582
5691,U_2130
5692,U_2131
5693,U_2132
5694,U_2133
5695,U_2134
5696,U_2135
5697,U_2136
5698,U_2137
5699,U_2138
5700,U_2139
5701,U_2140
5702,U_2141
5703,U_2142
5704,U_2143
5705,U_2144
5706,I_732
5707,U_2145
5708,U_2146
5709,U_2147
5710,U_2148
5711,U_2149
5712,U_2150
5713,U_2151
5714,U_2152
5715,U_2153
5716,U_2154
5717,U_2155
5718,U_2156
5719,U_2157
5720,U_2158
5721,U_2159
5722,U_2160
5723,U_2161
5724,I_2930
5725,U_2162
5726,U_2163
5727,U_2164
5728,U_2165
5729,U_2166
5730,U_2167
5731,U_2168
5732,U_2169
5733,U_2170
5734,I_3402
5735,U_2171
5736,U_2172
5737,U_2173
5738,U_2174
5739,U_2175
5740,U_2176
5741,U_2177
5742,U_2178
5743,U_2179
5744,U_2180
5745,U_2181
5746,U_2182
5747,U_2183
5748,U_2184
5749,U_2185
5750,U_2186
5751,U_2187
5752,U_2188
5753,U_2189
5754,U_2190
5755,U_2191
5756,U_2192
5757,U_2193
5758,U_2194
5759,U_2195
5760,U_2196
5761,U_2197
5762,U_2198
5763,U_2199
5764,U_2200
5765,U_2201
5766,U_2202
5767,U_2203
5768,U_2204
5769,U_2205
5770,U_2206
5771,U_2207
5772,U_2208
5773,U_2209
5774,U_2210
5775,U_2211
5776,U_2212
5777,U_2213
5778,U_2214
5779,U_2215
5780,U_2216
5781,U_2217
5782,U_2218
5783,U_2219
5784,U_2220
5785,U_2221
5786,U_2222
5787,U_2223
5788,U_2224
5789,U_2225
5790,U_2226
5791,U_2227
5792,U_2228
5793,U_2229
5794,U_2230
5795,U_2231
5796,U_2232
5797,U_2233
5798,U_2234
5799,U_2235
5800,U_2236
5801,U_2237
5802,U_2238
5803,U_2239
5804,U_2240
5805,U_2241
5806,U_2242
5807,U_2243
5808,U_2244
5809,U_2245
5810,U_2246
5811,U_2247
5812,U_2248
5813,U_2249
5814,U_2250
5815,U_2251
5816,U_2252
5817,U_2253
5818,U_2254
5819,U_2255
5820,U_2256
5821,U_2257
5822,U_2258
5823,U_2259
5824,U_2260
5825,U_2261
5826,U_2262
5827,U_2263
5828,I_3472
5829,U_2264
5830,I_139
5831,I_130
5832,U_2265
5833,U_2266
5834,U_2267
5835,U_2268
5836,U_2269
5837,U_2270
5838,U_2271
5839,I_3025
5840,U_2272
5841,U_2273
5842,U_2274
5843,U_2275
5844,U_2276
5845,U_2277
5846,U_2278
5847,U_2279
5848,I_2955
5849,U_2280
5850,U_2281
5851,U_2282
5852,U_2283
5853,U_2284
5854,U_2285
5855,U_2286
5856,U_2287
5857,U_2288
5858,U_2289
5859,U_2290
5860,U_2291
5861,U_2292
5862,U_2293
5863,U_2294
5864,U_2295
5865,U_2296
5866,U_2297
5867,U_2298
5868,U_2299
5869,U_2300
5870,U_2301
5871,U_2302
5872,U_2303
5873,U_2304
5874,U_2305
5875,U_2306
5876,U_2307
5877,U_2308
5878,U_2309
5879,U_2310
5880,U_2311
5881,U_2312
5882,U_2313
5883,U_2314
5884,U_2315
5885,I_655
5886,U_2316
5887,U_2317
5888,U_2318
5889,U_2319
5890,U_2320
5891,U_2321
5892,U_2322
5893,U_2323
5894,U_2324
5895,U_2325
5896,U_2326
5897,U_2327
5898,U_2328
5899,U_2329
5900,U_2330
5901,U_2331
5902,U_2332
5903,U_2333
5904,U_2334
5905,U_2335
5906,U_2336
5907,U_2337
5908,U_2338
5909,U_2339
5910,U_2340
5911,U_2341
5912,U_2342
5913,U_2343
5914,U_2344
5915,I_790
5916,U_2345
5917,U_2346
5918,U_2347
5919,U_2348
5920,U_2349
5921,U_2350
5922,U_2351
5923,U_2352
5924,U_2353
5925,U_2354
5926,U_2355
5927,U_2356
5928,U_2357
5929,U_2358
5930,U_2359
5931,U_2360
5932,U_2361
5933,U_2362
5934,U_2363
5935,U_2364
5936,U_2365
5937,U_2366
5938,U_2367
5939,U_2368
5940,U_2369
5941,U_2370
5942,U_2371
5943,U_2372
5944,U_2373
5945,U_2374
5946,U_2375
5947,U_2376
5948,U_2377
5949,U_2378
5950,U_2379
5951,U_2380
5952,U_2381
5953,U_2382
5954,U_2383
5955,U_2384
5956,U_2385
5957,U_2386
5958,U_2387
5959,U_2388
5960,U_2389
5961,U_2390
5962,U_2391
5963,U_2392
5964,U_2393
5965,U_2394
5966,U_2395
5967,U_2396
5968,U_2397
5969,U_2398
5970,U_2399
5971,U_2400
5972,U_2401
5973,U_2402
5974,U_2403
5975,U_2404
5976,U_2405
5977,U_2406
5978,U_2407
5979,U_2408
5980,U_2409
5981,U_2410
5982,U_2411
5983,U_2412
5984,U_2413
5985,U_2414
5986,U_2415
5987,U_2416
5988,U_2417
5989,U_2418
5990,U_2419
5991,U_2420
5992,U_2421
5993,U_2422
5994,U_2423
5995,U_2424
5996,U_2425
5997,U_2426
5998,U_2427
5999,U_2428
6000,U_2429
6001,U_2430
6002,U_2431
6003,U_2432
6004,U_2433
6005,U_2434
6006,U_2435
6007,U_2436
6008,U_2437
6009,U_2438
6010,U_2439
6011,U_2440
6012,I_1915
6013,U_2441
6014,U_2442
6015,U_2443
6016,U_2444
6017,U_2445
6018,U_2446
6019,U_2447
6020,U_2448
6021,U_2449
6022,U_2450
6023,U_2451
6024,U_2452
6025,U_2453
6026,I_2833
6027,U_2454
6028,U_2455
6029,U_2456
6030,U_2457
6031,U_2458
6032,U_2459
6033,U_2460
6034,U_2461
6035,U_2462
6036,U_2463
6037,U_2464
6038,U_2465
6039,U_2466
6040,U_2467
6041,U_2468
6042,U_2469
6043,U_2470
6044,U_2471
6045,U_2472
6046,U_2473
6047,U_2474
6048,U_2475
6049,U_2476
6050,U_2477
6051,U_2478
6052,U_2479
6053,U_2480
6054,U_2481
6055,U_2482
6056,U_2483
6057,U_2484
6058,U_2485
6059,U_2486
6060,U_2487
6061,U_2488
6062,U_2489
6063,U_2490
6064,U_2491
6065,U_2492
6066,U_2493
6067,U_2494
6068,U_2495
6069,U_2496
6070,U_2497
6071,U_2498
6072,U_2499
6073,U_2500
6074,U_2501
6075,U_2502
6076,U_2503
6077,U_2504
6078,U_2505
6079,U_2506
6080,U_2507
6081,I_1714
6082,U_2508
6083,U_2509
6084,I_2887
6085,U_2510
6086,U_2511
6087,U_2512
6088,U_2513
6089,U_2514
6090,U_2515
6091,U_2516
6092,U_2517
6093,U_2518
6094,U_2519
6095,U_2520
6096,U_2521
6097,U_2522
6098,U_2523
6099,U_2524
6100,U_2525
6101,U_2526
6102,U_2527
6103,U_2528
6104,U_2529
6105,U_2530
6106,U_2531
6107,U_2532
6108,U_2533
6109,U_2534
6110,U_2535
6111,U_2536
6112,U_2537
6113,I_2244
6114,U_2538
6115,U_2539
6116,U_2540
6117,U_2541
6118,U_2542
6119,U_2543
6120,U_2544
6121,U_2545
6122,U_2546
6123,U_2547
6124,U_2548
6125,U_2549
6126,U_2550
6127,U_2551
6128,U_2552
6129,U_2553
6130,U_2554
6131,U_2555
6132,U_2556
6133,U_2557
6134,U_2558
6135,U_2559
6136,U_2560
6137,U_2561
6138,U_2562
6139,U_2563
6140,U_2564
6141,U_2565
6142,U_2566
6143,U_2567
6144,U_2568
6145,U_2569
6146,U_2570
6147,U_2571
6148,U_2572
6149,U_2573
6150,U_2574
6151,U_2575
6152,U_2576
6153,U_2577
6154,U_2578
6155,U_2579
6156,U_2580
6157,U_2581
6158,U_2582
6159,U_2583
6160,U_2584
6161,U_2585
6162,U_2586
6163,U_2587
6164,U_2588
6165,U_2589
6166,U_2590
6167,U_2591
6168,U_2592
6169,U_2593
6170,U_2594
6171,U_2595
6172,U_2596
6173,U_2597
6174,U_2598
6175,U_2599
6176,U_2600
6177,U_2601
6178,U_2602
6179,U_2603
6180,U_2604
6181,U_2605
6182,U_2606
6183,U_2607
6184,U_2608
6185,U_2609
6186,U_2610
6187,U_2611
6188,U_2612
6189,U_2613
6190,U_2614
6191,U_2615
6192,U_2616
6193,U_2617
6194,U_2618
6195,U_2619
6196,U_2620
6197,U_2621
6198,U_2622
6199,U_2623
6200,U_2624
6201,U_2625
6202,U_2626
6203,U_2627
6204,U_2628
6205,U_2629
6206,U_2630
6207,U_2631
6208,U_2632
6209,U_2633
6210,U_2634
6211,U_2635
6212,U_2636
6213,U_2637
6214,U_2638
6215,U_2639
6216,U_2640
6217,U_2641
6218,U_2642
6219,U_2643
6220,I_3314
6221,U_2644
6222,U_2645
6223,U_2646
6224,U_2647
6225,U_2648
6226,U_2649
6227,U_2650
6228,U_2651
6229,U_2652
6230,U_2653
6231,U_2654
6232,U_2655
6233,U_2656
6234,U_2657
6235,U_2658
6236,U_2659
6237,U_2660
6238,U_2661
6239,U_2662
6240,U_2663
6241,U_2664
6242,U_2665
6243,I_3533
6244,I_3242
6245,U_2666
6246,U_2667
6247,U_2668
6248,U_2669
6249,U_2670
6250,U_2671
6251,U_2672
6252,U_2673
6253,U_2674
6254,U_2675
6255,U_2676
6256,U_2677
6257,U_2678
6258,U_2679
6259,U_2680
6260,U_2681
6261,U_2682
6262,U_2683
6263,U_2684
6264,U_2685
6265,U_2686
6266,U_2687
6267,U_2688
6268,U_2689
6269,U_2690
6270,U_2691
6271,U_2692
6272,U_2693
6273,U_2694
6274,U_2695
6275,U_2696
6276,U_2697
6277,U_2698
6278,U_2699
6279,U_2700
6280,U_2701
6281,U_2702
6282,U_2703
6283,U_2704
6284,U_2705
6285,U_2706
6286,U_2707
6287,U_2708
6288,U_2709
6289,U_2710
6290,U_2711
6291,U_2712
6292,U_2713
6293,U_2714
6294,U_2715
6295,U_2716
6296,U_2717
6297,U_2718
6298,U_2719
6299,U_2720
6300,U_2721
6301,U_2722
6302,U_2723
6303,U_2724
6304,U_2725
6305,U_2726
6306,U_2727
6307,U_2728
6308,U_2729
6309,U_2730
6310,U_2731
6311,U_2732
6312,U_2733
6313,U_2734
6314,U_2735
6315,U_2736
6316,U_2737
6317,U_2738
6318,U_2739
6319,U_2740
6320,U_2741
6321,U_2742
6322,U_2743
6323,U_2744
6324,U_2745
6325,U_2746
6326,U_2747
6327,U_2748
6328,U_2749
6329,U_2750
6330,U_2751
6331,U_2752
6332,U_2753
6333,U_2754
6334,U_2755
6335,U_2756
6336,U_2757
6337,U_2758
6338,U_2759
6339,U_2760
6340,I_3207
6341,U_2761
6342,U_2762
6343,U_2763
6344,U_2764
6345,U_2765
6346,U_2766
6347,U_2767
6348,U_2768
6349,U_2769
6350,U_2770
6351,U_2771
6352,U_2772
6353,U_2773
6354,U_2774
6355,I_264
6356,U_2775
6357,U_2776
6358,U_2777
6359,U_2778
6360,U_2779
6361,U_2780
6362,U_2781
6363,U_2782
6364,U_2783
6365,U_2784
6366,U_2785
6367,U_2786
6368,U_2787
6369,U_2788
6370,U_2789
6371,U_2790
6372,U_2791
6373,U_2792
6374,U_2793
6375,U_2794
6376,U_2795
6377,U_2796
6378,I_1851
6379,U_2797
6380,U_2798
6381,U_2799
6382,U_2800
6383,U_2801
6384,U_2802
6385,U_2803
6386,U_2804
6387,U_2805
6388,U_2806
6389,U_2807
6390,U_2808
6391,U_2809
6392,U_2810
6393,U_2811
6394,U_2812
6395,U_2813
6396,U_2814
6397,U_2815
6398,U_2816
6399,U_2817
6400,U_2818
6401,U_2819
6402,U_2820
6403,U_2821
6404,U_2822
6405,U_2823
6406,U_2824
6407,U_2825
6408,U_2826
6409,U_2827
6410,U_2828
6411,U_2829
6412,U_2830
6413,U_2831
6414,U_2832
6415,U_2833
6416,U_2834
6417,U_2835
6418,U_2836
6419,U_2837
6420,U_2838
6421,U_2839
6422,U_2840
6423,U_2841
6424,U_2842
6425,U_2843
6426,U_2844
6427,U_2845
6428,U_2846
6429,U_2847
6430,U_2848
6431,U_2849
6432,U_2850
6433,U_2851
6434,U_2852
6435,U_2853
6436,U_2854
6437,U_2855
6438,U_2856
6439,U_2857
6440,U_2858
6441,U_2859
6442,U_2860
6443,U_2861
6444,U_2862
6445,U_2863
6446,U_2864
6447,U_2865
6448,U_2866
6449,U_2867
6450,U_2868
6451,U_2869
6452,U_2870
6453,U_2871
6454,U_2872
6455,U_2873
6456,U_2874
6457,U_2875
6458,U_2876
6459,U_2877
6460,U_2878
6461,U_2879
6462,U_2880
6463,U_2881
6464,U_2882
6465,U_2883
6466,U_2884
6467,U_2885
6468,I_3881
6469,U_2886
6470,U_2887
6471,U_2888
6472,U_2889
6473,U_2890
6474,U_2891
6475,U_2892
6476,U_2893
6477,U_2894
6478,U_2895
6479,U_2896
6480,U_2897
6481,U_2898
6482,U_2899
6483,U_2900
6484,U_2901
6485,U_2902
6486,U_2903
6487,U_2904
6488,U_2905
6489,U_2906
6490,U_2907
6491,I_2777
6492,U_2908
6493,U_2909
6494,I_874
6495,U_2910
6496,U_2911
6497,U_2912
6498,U_2913
6499,U_2914
6500,U_2915
6501,U_2916
6502,U_2917
6503,U_2918
6504,U_2919
6505,U_2920
6506,U_2921
6507,U_2922
6508,U_2923
6509,U_2924
6510,U_2925
6511,U_2926
6512,U_2927
6513,U_2928
6514,U_2929
6515,U_2930
6516,U_2931
6517,U_2932
6518,U_2933
6519,U_2934
6520,U_2935
6521,U_2936
6522,U_2937
6523,U_2938
6524,U_2939
6525,U_2940
6526,U_2941
6527,U_2942
6528,U_2943
6529,U_2944
6530,U_2945
6531,U_2946
6532,U_2947
6533,U_2948
6534,U_2949
6535,U_2950
6536,U_2951
6537,U_2952
6538,U_2953
6539,U_2954
6540,U_2955
6541,U_2956
6542,U_2957
6543,U_2958
6544,U_2959
6545,U_2960
6546,U_2961
6547,U_2962
6548,I_2895
6549,U_2963
6550,U_2964
6551,U_2965
6552,U_2966
6553,U_2967
6554,U_2968
6555,U_2969
6556,U_2970
6557,U_2971
6558,U_2972
6559,U_2973
6560,U_2974
6561,U_2975
6562,U_2976
6563,U_2977
6564,U_2978
6565,U_2979
6566,U_2980
6567,U_2981
6568,U_2982
6569,U_2983
6570,U_2984
6571,U_2985
6572,U_2986
6573,U_2987
6574,U_2988
6575,U_2989
6576,U_2990
6577,U_2991
6578,U_2992
6579,U_2993
6580,U_2994
6581,U_2995
6582,U_2996
6583,U_2997
6584,U_2998
6585,U_2999
6586,U_3000
6587,U_3001
6588,U_3002
6589,U_3003
6590,U_3004
6591,U_3005
6592,U_3006
6593,U_3007
6594,U_3008
6595,U_3009
6596,U_3010
6597,U_3011
6598,U_3012
6599,U_3013
6600,U_3014
6601,U_3015
6602,I_889
6603,U_3016
6604,U_3017
6605,U_3018
6606,U_3019
6607,U_3020
6608,U_3021
6609,U_3022
6610,U_3023
6611,U_3024
6612,U_3025
6613,U_3026
6614,U_3027
6615,U_3028
6616,U_3029
6617,U_3030
6618,U_3031
6619,U_3032
6620,I_1470
6621,U_3033
6622,U_3034
6623,U_3035
6624,U_3036
6625,U_3037
6626,U_3038
6627,U_3039
6628,U_3040
6629,U_3041
6630,U_3042
6631,U_3043
6632,U_3044
6633,U_3045
6634,U_3046
6635,U_3047
6636,U_3048
6637,U_3049
6638,U_3050
6639,U_3051
6640,U_3052
6641,U_3053
6642,U_3054
6643,U_3055
6644,U_3056
6645,U_3057
6646,U_3058
6647,U_3059
6648,U_3060
6649,U_3061
6650,U_3062
6651,U_3063
6652,U_3064
6653,U_3065
6654,U_3066
6655,U_3067
6656,U_3068
6657,U_3069
6658,U_3070
6659,U_3071
6660,U_3072
6661,I_679
6662,U_3073
6663,U_3074
6664,U_3075
6665,U_3076
6666,U_3077
6667,U_3078
6668,U_3079
6669,U_3080
6670,U_3081
6671,U_3082
6672,U_3083
6673,U_3084
6674,U_3085
6675,U_3086
6676,U_3087
6677,U_3088
6678,U_3089
6679,U_3090
6680,U_3091
6681,U_3092
6682,U_3093
6683,U_3094
6684,U_3095
6685,U_3096
6686,U_3097
6687,U_3098
6688,U_3099
6689,U_3100
6690,U_3101
6691,U_3102
6692,U_3103
6693,U_3104
6694,U_3105
6695,U_3106
6696,U_3107
6697,U_3108
6698,U_3109
6699,U_3110
6700,U_3111
6701,U_3112
6702,U_3113
6703,U_3114
6704,U_3115
6705,U_3116
6706,U_3117
6707,U_3118
6708,U_3119
6709,U_3120
6710,U_3121
6711,U_3122
6712,U_3123
6713,U_3124
6714,U_3125
6715,U_3126
6716,U_3127
6717,U_3128
6718,U_3129
6719,U_3130
6720,U_3131
6721,U_3132
6722,U_3133
6723,U_3134
6724,U_3135
6725,U_3136
6726,U_3137
6727,U_3138
6728,U_3139
6729,U_3140
6730,U_3141
6731,U_3142
6732,U_3143
6733,U_3144
6734,U_3145
6735,U_3146
6736,U_3147
6737,U_3148
6738,U_3149
6739,U_3150
6740,U_3151
6741,U_3152
6742,U_3153
6743,U_3154
6744,U_3155
6745,U_3156
6746,U_3157
6747,U_3158
6748,U_3159
6749,U_3160
6750,U_3161
6751,U_3162
6752,U_3163
6753,U_3164
6754,U_3165
6755,U_3166
6756,U_3167
6757,U_3168
6758,U_3169
6759,U_3170
6760,U_3171
6761,U_3172
6762,U_3173
6763,U_3174
6764,U_3175
6765,U_3176
6766,U_3177
6767,U_3178
6768,U_3179
6769,U_3180
6770,U_3181
6771,U_3182
6772,U_3183
6773,U_3184
6774,U_3185
6775,U_3186
6776,U_3187
6777,U_3188
6778,U_3189
6779,U_3190
6780,U_3191
6781,U_3192
6782,U_3193
6783,U_3194
6784,U_3195
6785,U_3196
6786,U_3197
6787,U_3198
6788,U_3199
6789,U_3200
6790,U_3201
6791,I_3373
6792,U_3202
6793,U_3203
6794,U_3204
6795,U_3205
6796,U_3206
6797,U_3207
6798,U_3208
6799,U_3209
6800,U_3210
6801,U_3211
6802,U_3212
6803,U_3213
6804,U_3214
6805,U_3215
6806,U_3216
6807,U_3217
6808,U_3218
6809,U_3219
6810,U_3220
6811,U_3221
6812,U_3222
6813,U_3223
6814,U_3224
6815,U_3225
6816,U_3226
6817,U_3227
6818,U_3228
6819,U_3229
6820,U_3230
6821,U_3231
6822,U_3232
6823,U_3233
6824,U_3234
6825,I_872
6826,U_3235
6827,I_3381
6828,U_3236
6829,U_3237
6830,U_3238
6831,U_3239
6832,U_3240
6833,U_3241
6834,U_3242
6835,U_3243
6836,U_3244
6837,U_3245
6838,U_3246
6839,U_3247
6840,U_3248
6841,U_3249
6842,U_3250
6843,U_3251
6844,U_3252
6845,U_3253
6846,U_3254
6847,U_3255
6848,U_3256
6849,U_3257
6850,U_3258
6851,U_3259
6852,U_3260
6853,U_3261
6854,U_3262
6855,U_3263
6856,U_3264
6857,U_3265
6858,U_3266
6859,U_3267
6860,U_3268
6861,U_3269
6862,U_3270
6863,U_3271
6864,U_3272
6865,U_3273
6866,U_3274
6867,U_3275
6868,U_3276
6869,U_3277
6870,U_3278
6871,U_3279
6872,U_3280
6873,U_3281
6874,U_3282
6875,U_3283
6876,U_3284
6877,U_3285
6878,U_3286
6879,U_3287
6880,U_3288
6881,U_3289
6882,U_3290
6883,U_3291
6884,U_3292
6885,I_1555
6886,U_3293
6887,U_3294
6888,U_3295
6889,U_3296
6890,U_3297
6891,U_3298
6892,U_3299
6893,U_3300
6894,U_3301
6895,U_3302
6896,U_3303
6897,U_3304
6898,U_3305
6899,U_3306
6900,U_3307
6901,U_3308
6902,U_3309
6903,U_3310
6904,U_3311
6905,U_3312
6906,U_3313
6907,U_3314
6908,U_3315
6909,U_3316
6910,U_3317
6911,U_3318
6912,U_3319
6913,U_3320
6914,U_3321
6915,U_3322
6916,U_3323
6917,U_3324
6918,U_3325
6919,U_3326
6920,U_3327
6921,U_3328
6922,U_3329
6923,U_3330
6924,U_3331
6925,U_3332
6926,U_3333
6927,U_3334
6928,U_3335
6929,U_3336
6930,U_3337
6931,U_3338
6932,I_3779
6933,U_3339
6934,U_3340
6935,U_3341
6936,U_3342
6937,U_3343
6938,U_3344
6939,U_3345
6940,U_3346
6941,U_3347
6942,U_3348
6943,U_3349
6944,U_3350
6945,U_3351
6946,U_3352
6947,U_3353
6948,U_3354
6949,U_3355
6950,U_3356
6951,U_3357
6952,U_3358
6953,U_3359
6954,U_3360
6955,U_3361
6956,U_3362
6957,U_3363
6958,U_3364
6959,U_3365
6960,U_3366
6961,U_3367
6962,I_791
6963,I_3609
6964,U_3368
6965,U_3369
6966,U_3370
6967,U_3371
6968,U_3372
6969,U_3373
6970,U_3374
6971,U_3375
6972,U_3376
6973,U_3377
6974,U_3378
6975,U_3379
6976,U_3380
6977,U_3381
6978,U_3382
6979,U_3383
6980,U_3384
6981,U_3385
6982,U_3386
6983,U_3387
6984,U_3388
6985,U_3389
6986,U_3390
6987,U_3391
6988,I_1430
6989,U_3392
6990,U_3393
6991,I_1724
6992,U_3394
6993,U_3395
6994,U_3396
6995,U_3397
6996,U_3398
6997,U_3399
6998,U_3400
6999,U_3401
7000,U_3402
7001,I_2223
7002,U_3403
7003,U_3404
7004,U_3405
7005,U_3406
7006,U_3407
7007,U_3408
7008,U_3409
7009,U_3410
7010,U_3411
7011,U_3412
7012,U_3413
7013,U_3414
7014,U_3415
7015,U_3416
7016,U_3417
7017,U_3418
7018,U_3419
7019,U_3420
7020,U_3421
7021,U_3422
7022,U_3423
7023,U_3424
7024,U_3425
7025,U_3426
7026,U_3427
7027,U_3428
7028,I_3233
7029,U_3429
7030,U_3430
7031,U_3431
7032,U_3432
7033,U_3433
7034,U_3434
7035,U_3435
7036,U_3436
7037,U_3437
7038,U_3438
7039,U_3439
7040,U_3440
7041,U_3441
7042,U_3442
7043,U_3443
7044,U_3444
7045,U_3445
7046,U_3446
7047,U_3447
7048,U_3448
7049,U_3449
7050,U_3450
7051,U_3451
7052,U_3452
7053,U_3453
7054,U_3454
7055,U_3455
7056,U_3456
7057,U_3457
7058,U_3458
7059,U_3459
7060,U_3460
7061,U_3461
7062,U_3462
7063,U_3463
7064,U_3464
7065,U_3465
7066,U_3466
7067,U_3467
7068,U_3468
7069,U_3469
7070,U_3470
7071,U_3471
7072,U_3472
7073,U_3473
7074,U_3474
7075,U_3475
7076,U_3476
7077,I_2783
7078,I_3762
7079,U_3477
7080,U_3478
7081,U_3479
7082,U_3480
7083,U_3481
7084,U_3482
7085,I_3215
7086,U_3483
7087,U_3484
7088,U_3485
7089,I_3172
7090,U_3486
7091,U_3487
7092,U_3488
7093,U_3489
7094,U_3490
7095,U_3491
7096,U_3492
7097,U_3493
7098,U_3494
7099,U_3495
7100,U_3496
7101,U_3497
7102,U_3498
7103,U_3499
7104,U_3500
7105,U_3501
7106,U_3502
7107,U_3503
7108,U_3504
7109,U_3505
7110,U_3506
7111,U_3507
7112,I_3065
7113,U_3508
7114,U_3509
7115,U_3510
7116,U_3511
7117,U_3512
7118,U_3513
7119,U_3514
7120,U_3515
7121,U_3516
7122,U_3517
7123,U_3518
7124,I_3631
7125,I_1139
7126,U_3519
7127,U_3520
7128,U_3521
7129,U_3522
7130,U_3523
7131,U_3524
7132,U_3525
7133,U_3526
7134,U_3527
7135,U_3528
7136,U_3529
7137,U_3530
7138,U_3531
7139,U_3532
7140,U_3533
7141,U_3534
7142,U_3535
7143,U_3536
7144,U_3537
7145,U_3538
7146,U_3539
7147,U_3540
7148,U_3541
7149,U_3542
7150,U_3543
7151,U_3544
7152,U_3545
7153,U_3546
7154,U_3547
7155,U_3548
7156,U_3549
7157,U_3550
7158,U_3551
7159,U_3552
7160,U_3553
7161,U_3554
7162,U_3555
7163,U_3556
7164,U_3557
7165,U_3558
7166,U_3559
7167,U_3560
7168,U_3561
7169,U_3562
7170,U_3563
7171,U_3564
7172,U_3565
7173,U_3566
7174,U_3567
7175,U_3568
7176,U_3569
7177,U_3570
7178,U_3571
7179,U_3572
7180,U_3573
7181,U_3574
7182,U_3575
7183,I_3842
7184,U_3576
7185,U_3577
7186,U_3578
7187,U_3579
7188,U_3580
7189,U_3581
7190,U_3582
7191,U_3583
7192,U_3584
7193,U_3585
7194,U_3586
7195,U_3587
7196,U_3588
7197,U_3589
7198,U_3590
7199,U_3591
7200,U_3592
7201,U_3593
7202,U_3594
7203,U_3595
7204,U_3596
7205,U_3597
7206,U_3598
7207,I_572
7208,U_3599
7209,U_3600
7210,U_3601
7211,U_3602
7212,U_3603
7213,U_3604
7214,U_3605
7215,U_3606
7216,U_3607
7217,U_3608
7218,U_3609
7219,U_3610
7220,I_975
7221,I_2217
7222,I_3376
7223,I_2213
7224,I_3202
7225,U_3611
7226,U_3612
7227,U_3613
7228,U_3614
7229,U_3615
7230,U_3616
7231,U_3617
7232,U_3618
7233,I_311
7234,U_3619
7235,U_3620
7236,U_3621
7237,U_3622
7238,U_3623
7239,U_3624
7240,U_3625
7241,U_3626
7242,U_3627
7243,U_3628
7244,U_3629
7245,U_3630
7246,U_3631
7247,U_3632
7248,U_3633
7249,U_3634
7250,U_3635
7251,U_3636
7252,U_3637
7253,U_3638
7254,U_3639
7255,U_3640
7256,U_3641
7257,U_3642
7258,U_3643
7259,U_3644
7260,U_3645
7261,U_3646
7262,U_3647
7263,U_3648
7264,U_3649
7265,U_3650
7266,U_3651
7267,U_3652
7268,U_3653
7269,U_3654
7270,U_3655
7271,U_3656
7272,U_3657
7273,U_3658
7274,U_3659
7275,U_3660
7276,U_3661
7277,U_3662
7278,U_3663
7279,U_3664
7280,U_3665
7281,U_3666
7282,U_3667
7283,U_3668
7284,U_3669
7285,U_3670
7286,U_3671
7287,U_3672
7288,U_3673
7289,U_3674
7290,U_3675
7291,U_3676
7292,U_3677
7293,U_3678
7294,U_3679
7295,I_1905
7296,U_3680
7297,U_3681
7298,U_3682
7299,U_3683
7300,U_3684
7301,U_3685
7302,U_3686
7303,U_3687
7304,U_3688
7305,U_3689
7306,U_3690
7307,U_3691
7308,U_3692
7309,U_3693
7310,U_3694
7311,U_3695
7312,U_3696
7313,U_3697
7314,U_3698
7315,U_3699
7316,U_3700
7317,U_3701
7318,U_3702
7319,U_3703
7320,U_3704
7321,U_3705
7322,U_3706
7323,U_3707
7324,U_3708
7325,U_3709
7326,U_3710
7327,U_3711
7328,U_3712
7329,U_3713
7330,U_3714
7331,U_3715
7332,U_3716
7333,U_3717
7334,U_3718
7335,U_3719
7336,U_3720
7337,U_3721
7338,U_3722
7339,U_3723
7340,U_3724
7341,U_3725
7342,U_3726
7343,U_3727
7344,U_3728
7345,U_3729
7346,U_3730
7347,U_3731
7348,U_3732
7349,U_3733
7350,U_3734
7351,U_3735
7352,U_3736
7353,U_3737
7354,U_3738
7355,U_3739
7356,U_3740
7357,U_3741
7358,U_3742
7359,U_3743
7360,U_3744
7361,U_3745
7362,U_3746
7363,U_3747
7364,U_3748
7365,U_3749
7366,U_3750
7367,U_3751
7368,U_3752
7369,U_3753
7370,U_3754
7371,U_3755
7372,U_3756
7373,U_3757
7374,U_3758
7375,U_3759
7376,U_3760
7377,U_3761
7378,U_3762
7379,U_3763
7380,U_3764
7381,U_3765
7382,U_3766
7383,U_3767
7384,U_3768
7385,U_3769
7386,U_3770
7387,U_3771
7388,U_3772
7389,U_3773
7390,U_3774
7391,U_3775
7392,U_3776
7393,U_3777
7394,U_3778
7395,U_3779
7396,U_3780
7397,U_3781
7398,U_3782
7399,U_3783
7400,U_3784
7401,U_3785
7402,U_3786
7403,U_3787
7404,U_3788
7405,U_3789
7406,U_3790
7407,I_2623
7408,U_3791
7409,U_3792
7410,U_3793
7411,U_3794
7412,U_3795
7413,U_3796
7414,U_3797
7415,U_3798
7416,U_3799
7417,U_3800
7418,U_3801
7419,U_3802
7420,U_3803
7421,U_3804
7422,U_3805
7423,U_3806
7424,U_3807
7425,U_3808
7426,U_3809
7427,U_3810
7428,U_3811
7429,U_3812
7430,U_3813
7431,U_3814
7432,U_3815
7433,U_3816
7434,U_3817
7435,U_3818
7436,U_3819
7437,U_3820
7438,U_3821
7439,I_757
7440,U_3822
7441,U_3823
7442,U_3824
7443,U_3825
7444,U_3826
7445,U_3827
7446,I_3236
7447,U_3828
7448,U_3829
7449,U_3830
7450,U_3831
7451,U_3832
7452,U_3833
7453,U_3834
7454,U_3835
7455,U_3836
7456,U_3837
7457,U_3838
7458,U_3839
7459,U_3840
7460,U_3841
7461,U_3842
7462,I_396
7463,U_3843
7464,U_3844
7465,U_3845
7466,U_3846
7467,U_3847
7468,U_3848
7469,U_3849
7470,U_3850
7471,U_3851
7472,U_3852
7473,U_3853
7474,U_3854
7475,U_3855
7476,U_3856
7477,U_3857
7478,U_3858
7479,U_3859
7480,U_3860
7481,U_3861
7482,U_3862
7483,U_3863
7484,U_3864
7485,U_3865
7486,U_3866
7487,U_3867
7488,U_3868
7489,U_3869
7490,U_3870
7491,U_3871
7492,U_3872
7493,U_3873
7494,U_3874
7495,U_3875
7496,U_3876
7497,U_3877
7498,U_3878
7499,U_3879
7500,U_3880
7501,U_3881
7502,U_3882
7503,U_3883
7504,U_3884
7505,U_3885
7506,U_3886
7507,U_3887
7508,U_3888
7509,U_3889
7510,U_3890
7511,U_3891
7512,U_3892
7513,U_3893
7514,U_3894
7515,U_3895
7516,U_3896
7517,U_3897
7518,U_3898
7519,U_3899
7520,U_3900
7521,U_3901
7522,U_3902
7523,U_3903
7524,U_3904
7525,U_3905
7526,U_3906
7527,U_3907
7528,U_3908
7529,U_3909
7530,U_3910
7531,U_3911
7532,U_3912
7533,U_3913
7534,U_3914
7535,U_3915
7536,U_3916
7537,U_3917
7538,U_3918
7539,U_3919
7540,U_3920
7541,U_3921
7542,U_3922
7543,U_3923
7544,U_3924
7545,U_3925
7546,U_3926
7547,U_3927
7548,U_3928
7549,U_3929
7550,U_3930
7551,U_3931
7552,U_3932
7553,U_3933
7554,U_3934
7555,U_3935
7556,U_3936
7557,U_3937
7558,U_3938
7559,U_3939
7560,U_3940
7561,U_3941
7562,U_3942
7563,U_3943
7564,U_3944
7565,U_3945
7566,I_3413
7567,U_3946
7568,U_3947
7569,U_3948
7570,U_3949
7571,U_3950
7572,U_3951
7573,U_3952
7574,I_1316
7575,U_3953
7576,U_3954
7577,U_3955
7578,U_3956
7579,U_3957
7580,U_3958
7581,U_3959
7582,U_3960
7583,U_3961
7584,U_3962
7585,U_3963
7586,U_3964
7587,U_3965
7588,U_3966
7589,U_3967
7590,U_3968
7591,U_3969
7592,U_3970
7593,U_3971
7594,U_3972
7595,U_3973
7596,U_3974
7597,U_3975
7598,U_3976
7599,U_3977
7600,U_3978
7601,U_3979
7602,U_3980
7603,U_3981
7604,U_3982
7605,U_3983
7606,U_3984
7607,U_3985
7608,I_878
7609,U_3986
7610,U_3987
7611,U_3988
7612,U_3989
7613,U_3990
7614,U_3991
7615,U_3992
7616,U_3993
7617,U_3994
7618,U_3995
7619,U_3996
7620,U_3997
7621,U_3998
7622,U_3999
7623,U_4000
7624,U_4001
7625,U_4002
7626,U_4003
7627,U_4004
7628,U_4005
7629,U_4006
7630,U_4007
7631,U_4008
7632,U_4009
7633,U_4010
7634,U_4011
7635,U_4012
7636,U_4013
7637,U_4014
7638,U_4015
7639,U_4016
7640,U_4017
7641,U_4018
7642,U_4019
7643,U_4020
7644,U_4021
7645,U_4022
7646,U_4023
7647,U_4024
7648,U_4025
7649,U_4026
7650,U_4027
7651,U_4028
7652,U_4029
7653,U_4030
7654,U_4031
7655,U_4032
7656,U_4033
7657,U_4034
7658,U_4035
7659,U_4036
7660,U_4037
7661,U_4038
7662,U_4039
7663,U_4040
7664,U_4041
7665,U_4042
7666,U_4043
7667,U_4044
7668,U_4045
7669,U_4046
7670,U_4047
7671,U_4048
7672,U_4049
7673,U_4050
7674,U_4051
7675,U_4052
7676,U_4053
7677,U_4054
7678,U_4055
7679,U_4056
7680,U_4057
7681,U_4058
7682,U_4059
7683,U_4060
7684,U_4061
7685,U_4062
7686,U_4063
7687,U_4064
7688,U_4065
7689,U_4066
7690,U_4067
7691,U_4068
7692,U_4069
7693,U_4070
7694,U_4071
7695,U_4072
7696,U_4073
7697,U_4074
7698,U_4075
7699,U_4076
7700,U_4077
7701,U_4078
7702,U_4079
7703,U_4080
7704,U_4081
7705,U_4082
7706,U_4083
7707,U_4084
7708,U_4085
7709,U_4086
7710,U_4087
7711,U_4088
7712,U_4089
7713,U_4090
7714,U_4091
7715,U_4092
7716,U_4093
7717,U_4094
7718,U_4095
7719,U_4096
7720,U_4097
7721,U_4098
7722,U_4099
7723,U_4100
7724,U_4101
7725,U_4102
7726,U_4103
7727,U_4104
7728,U_4105
7729,U_4106
7730,U_4107
7731,U_4108
7732,U_4109
7733,U_4110
7734,U_4111
7735,U_4112
7736,U_4113
7737,U_4114
7738,U_4115
7739,U_4116
7740,U_4117
7741,U_4118
7742,U_4119
7743,U_4120
7744,U_4121
7745,U_4122
7746,U_4123
7747,U_4124
7748,U_4125
7749,U_4126
7750,U_4127
7751,U_4128
7752,U_4129
7753,U_4130
7754,U_4131
7755,U_4132
7756,U_4133
7757,U_4134
7758,U_4135
7759,U_4136
7760,U_4137
7761,U_4138
7762,U_4139
7763,U_4140
7764,U_4141
7765,U_4142
7766,U_4143
7767,U_4144
7768,U_4145
7769,U_4146
7770,U_4147
7771,U_4148
7772,U_4149
7773,U_4150
7774,U_4151
7775,U_4152
7776,U_4153
7777,U_4154
7778,U_4155
7779,I_3603
7780,U_4156
7781,U_4157
7782,U_4158
7783,U_4159
7784,U_4160
7785,U_4161
7786,I_827
7787,U_4162
7788,U_4163
7789,U_4164
7790,U_4165
7791,U_4166
7792,U_4167
7793,U_4168
7794,U_4169
7795,I_820
7796,I_3380
7797,I_584
7798,I_3229
7799,I_3337
7800,I_2811
7801,I_1820
7802,I_1070
7803,I_666
7804,I_3522
7805,I_607
7806,I_2821
7807,I_530
7808,I_138
7809,U_4170
7810,U_4171
7811,U_4172
7812,U_4173
7813,U_4174
7814,U_4175
7815,U_4176
7816,U_4177
7817,U_4178
7818,U_4179
7819,U_4180
7820,U_4181
7821,U_4182
7822,U_4183
7823,U_4184
7824,U_4185
7825,U_4186
7826,U_4187
7827,U_4188
7828,U_4189
7829,U_4190
7830,U_4191
7831,U_4192
7832,U_4193
7833,U_4194
7834,U_4195
7835,U_4196
7836,U_4197
7837,U_4198
7838,U_4199
7839,U_4200
7840,U_4201
7841,U_4202
7842,U_4203
7843,U_4204
7844,U_4205
7845,U_4206
7846,U_4207
7847,U_4208
7848,U_4209
7849,U_4210
7850,U_4211
7851,U_4212
7852,U_4213
7853,U_4214
7854,U_4215
7855,U_4216
7856,U_4217
7857,U_4218
7858,U_4219
7859,U_4220
7860,U_4221
7861,U_4222
7862,U_4223
7863,U_4224
7864,U_4225
7865,U_4226
7866,U_4227
7867,I_843
7868,U_4228
7869,U_4229
7870,U_4230
7871,U_4231
7872,U_4232
7873,U_4233
7874,U_4234
7875,U_4235
7876,U_4236
7877,U_4237
7878,U_4238
7879,U_4239
7880,U_4240
7881,U_4241
7882,U_4242
7883,U_4243
7884,U_4244
7885,U_4245
7886,U_4246
7887,U_4247
7888,U_4248
7889,U_4249
7890,U_4250
7891,U_4251
7892,U_4252
7893,U_4253
7894,U_4254
7895,U_4255
7896,U_4256
7897,U_4257
7898,U_4258
7899,U_4259
7900,U_4260
7901,U_4261
7902,U_4262
7903,U_4263
7904,U_4264
7905,U_4265
7906,U_4266
7907,U_4267
7908,U_4268
7909,U_4269
7910,U_4270
7911,U_4271
7912,U_4272
7913,U_4273
7914,U_4274
7915,U_4275
7916,U_4276
7917,U_4277
7918,I_3336
7919,U_4278
7920,U_4279
7921,U_4280
7922,U_4281
7923,U_4282
7924,U_4283
7925,U_4284
7926,U_4285
7927,U_4286
7928,U_4287
7929,U_4288
7930,U_4289
7931,U_4290
7932,U_4291
7933,U_4292
7934,U_4293
7935,U_4294
7936,U_4295
7937,U_4296
7938,U_4297
7939,U_4298
7940,U_4299
7941,U_4300
7942,U_4301
7943,U_4302
7944,U_4303
7945,U_4304
7946,U_4305
7947,U_4306
7948,U_4307
7949,U_4308
7950,U_4309
7951,U_4310
7952,I_981
7953,U_4311
7954,U_4312
7955,U_4313
7956,U_4314
7957,U_4315
7958,U_4316
7959,U_4317
7960,U_4318
7961,U_4319
7962,U_4320
7963,U_4321
7964,U_4322
7965,U_4323
7966,U_4324
7967,U_4325
7968,U_4326
7969,U_4327
7970,U_4328
7971,U_4329
7972,U_4330
7973,U_4331
7974,U_4332
7975,U_4333
7976,U_4334
7977,U_4335
7978,U_4336
7979,U_4337
7980,U_4338
7981,U_4339
7982,U_4340
7983,U_4341
7984,U_4342
7985,U_4343
7986,U_4344
7987,I_3460
7988,U_4345
7989,U_4346
7990,U_4347
7991,U_4348
7992,U_4349
7993,U_4350
7994,U_4351
7995,U_4352
7996,U_4353
7997,U_4354
7998,U_4355
7999,U_4356
8000,U_4357
8001,U_4358
8002,U_4359
8003,U_4360
8004,U_4361
8005,U_4362
8006,U_4363
8007,U_4364
8008,U_4365
8009,U_4366
8010,U_4367
8011,U_4368
8012,U_4369
8013,U_4370
8014,U_4371
8015,U_4372
8016,U_4373
8017,U_4374
8018,U_4375
8019,U_4376
8020,U_4377
8021,U_4378
8022,U_4379
8023,U_4380
8024,U_4381
8025,U_4382
8026,U_4383
8027,U_4384
8028,U_4385
8029,U_4386
8030,U_4387
8031,U_4388
8032,U_4389
8033,U_4390
8034,U_4391
8035,U_4392
8036,U_4393
8037,U_4394
8038,U_4395
8039,U_4396
8040,U_4397
8041,U_4398
8042,U_4399
8043,U_4400
8044,U_4401
8045,U_4402
8046,U_4403
8047,U_4404
8048,U_4405
8049,U_4406
8050,U_4407
8051,U_4408
8052,U_4409
8053,U_4410
8054,U_4411
8055,U_4412
8056,U_4413
8057,U_4414
8058,U_4415
8059,U_4416
8060,U_4417
8061,U_4418
8062,U_4419
8063,U_4420
8064,U_4421
8065,U_4422
8066,U_4423
8067,U_4424
8068,U_4425
8069,U_4426
8070,U_4427
8071,U_4428
8072,U_4429
8073,U_4430
8074,U_4431
8075,U_4432
8076,U_4433
8077,U_4434
8078,U_4435
8079,U_4436
8080,U_4437
8081,U_4438
8082,U_4439
8083,U_4440
8084,U_4441
8085,U_4442
8086,U_4443
8087,U_4444
8088,U_4445
8089,U_4446
8090,U_4447
8091,U_4448
8092,U_4449
8093,U_4450
8094,U_4451
8095,U_4452
8096,U_4453
8097,U_4454
8098,U_4455
8099,U_4456
8100,U_4457
8101,U_4458
8102,U_4459
8103,U_4460
8104,U_4461
8105,U_4462
8106,U_4463
8107,U_4464
8108,U_4465
8109,U_4466
8110,U_4467
8111,U_4468
8112,U_4469
8113,U_4470
8114,U_4471
8115,U_4472
8116,U_4473
8117,U_4474
8118,U_4475
8119,U_4476
8120,U_4477
8121,U_4478
8122,U_4479
8123,U_4480
8124,U_4481
8125,U_4482
8126,U_4483
8127,U_4484
8128,U_4485
8129,U_4486
8130,I_133
8131,I_3123
8132,I_2591
8133,I_3651
8134,U_4487
8135,U_4488
8136,U_4489
8137,U_4490
8138,U_4491
8139,U_4492
8140,U_4493
8141,U_4494
8142,U_4495
8143,U_4496
8144,U_4497
8145,U_4498
8146,U_4499
8147,U_4500
8148,U_4501
8149,U_4502
8150,U_4503
8151,U_4504
8152,U_4505
8153,U_4506
8154,U_4507
8155,U_4508
8156,U_4509
8157,U_4510
8158,U_4511
8159,U_4512
8160,U_4513
8161,U_4514
8162,U_4515
8163,U_4516
8164,U_4517
8165,U_4518
8166,U_4519
8167,U_4520
8168,U_4521
8169,U_4522
8170,U_4523
8171,U_4524
8172,U_4525
8173,U_4526
8174,U_4527
8175,U_4528
8176,U_4529
8177,U_4530
8178,U_4531
8179,U_4532
8180,U_4533
8181,U_4534
8182,U_4535
8183,U_4536
8184,U_4537
8185,U_4538
8186,I_557
8187,U_4539
8188,U_4540
8189,U_4541
8190,U_4542
8191,U_4543
8192,U_4544
8193,U_4545
8194,U_4546
8195,U_4547
8196,U_4548
8197,U_4549
8198,U_4550
8199,U_4551
8200,U_4552
8201,U_4553
8202,I_3290
8203,U_4554
8204,U_4555
8205,U_4556
8206,U_4557
8207,U_4558
8208,U_4559
8209,U_4560
8210,U_4561
8211,U_4562
8212,I_3205
8213,U_4563
8214,U_4564
8215,U_4565
8216,U_4566
8217,U_4567
8218,U_4568
8219,U_4569
8220,U_4570
8221,U_4571
8222,U_4572
8223,I_3164
8224,U_4573
8225,U_4574
8226,U_4575
8227,I_3119
8228,U_4576
8229,U_4577
8230,U_4578
8231,U_4579
8232,I_3315
8233,U_4580
8234,U_4581
8235,U_4582
8236,U_4583
8237,U_4584
8238,U_4585
8239,U_4586
8240,U_4587
8241,U_4588
8242,U_4589
8243,U_4590
8244,U_4591
8245,U_4592
8246,U_4593
8247,U_4594
8248,U_4595
8249,U_4596
8250,U_4597
8251,U_4598
8252,U_4599
8253,U_4600
8254,U_4601
8255,U_4602
8256,U_4603
8257,U_4604
8258,U_4605
8259,U_4606
8260,U_4607
8261,U_4608
8262,U_4609
8263,U_4610
8264,U_4611
8265,U_4612
8266,U_4613
8267,U_4614
8268,U_4615
8269,U_4616
8270,U_4617
8271,U_4618
8272,U_4619
8273,U_4620
8274,U_4621
8275,U_4622
8276,U_4623
8277,U_4624
8278,U_4625
8279,U_4626
8280,U_4627
8281,U_4628
8282,I_1832
8283,U_4629
8284,U_4630
8285,U_4631
8286,U_4632
8287,U_4633
8288,U_4634
8289,U_4635
8290,I_439
8291,U_4636
8292,U_4637
8293,U_4638
8294,U_4639
8295,U_4640
8296,U_4641
8297,U_4642
8298,U_4643
8299,U_4644
8300,U_4645
8301,U_4646
8302,U_4647
8303,U_4648
8304,U_4649
8305,U_4650
8306,U_4651
8307,I_134
8308,U_4652
8309,U_4653
8310,U_4654
8311,U_4655
8312,U_4656
8313,U_4657
8314,U_4658
8315,U_4659
8316,U_4660
8317,U_4661
8318,U_4662
8319,U_4663
8320,U_4664
8321,U_4665
8322,U_4666
8323,U_4667
8324,U_4668
8325,U_4669
8326,U_4670
8327,U_4671
8328,U_4672
8329,U_4673
8330,U_4674
8331,U_4675
8332,U_4676
8333,U_4677
8334,U_4678
8335,U_4679
8336,U_4680
8337,U_4681
8338,U_4682
8339,U_4683
8340,U_4684
8341,U_4685
8342,U_4686
8343,U_4687
8344,U_4688
8345,U_4689
8346,U_4690
8347,U_4691
8348,U_4692
8349,U_4693
8350,U_4694
8351,U_4695
8352,U_4696
8353,U_4697
8354,U_4698
8355,U_4699
8356,U_4700
8357,U_4701
8358,U_4702
8359,U_4703
8360,U_4704
8361,U_4705
8362,U_4706
8363,U_4707
8364,U_4708
8365,U_4709
8366,U_4710
8367,U_4711
8368,U_4712
8369,U_4713
8370,U_4714
8371,U_4715
8372,U_4716
8373,U_4717
8374,U_4718
8375,U_4719
8376,U_4720
8377,U_4721
8378,U_4722
8379,U_4723
8380,U_4724
8381,U_4725
8382,U_4726
8383,U_4727
8384,U_4728
8385,U_4729
8386,U_4730
8387,U_4731
8388,U_4732
8389,U_4733
8390,U_4734
8391,U_4735
8392,U_4736
8393,U_4737
8394,U_4738
8395,U_4739
8396,U_4740
8397,U_4741
8398,U_4742
8399,U_4743
8400,U_4744
8401,U_4745
8402,U_4746
8403,U_4747
8404,U_4748
8405,U_4749
8406,U_4750
8407,U_4751
8408,I_2480
8409,U_4752
8410,U_4753
8411,U_4754
8412,U_4755
8413,U_4756
8414,U_4757
8415,U_4758
8416,U_4759
8417,U_4760
8418,U_4761
8419,U_4762
8420,U_4763
8421,U_4764
8422,U_4765
8423,U_4766
8424,I_1842
8425,U_4767
8426,U_4768
8427,U_4769
8428,U_4770
8429,U_4771
8430,U_4772
8431,U_4773
8432,U_4774
8433,U_4775
8434,U_4776
8435,U_4777
8436,U_4778
8437,U_4779
8438,U_4780
8439,U_4781
8440,U_4782
8441,U_4783
8442,U_4784
8443,U_4785
8444,U_4786
8445,U_4787
8446,U_4788
8447,U_4789
8448,U_4790
8449,I_2309
8450,U_4791
8451,U_4792
8452,U_4793
8453,U_4794
8454,U_4795
8455,U_4796
8456,U_4797
8457,U_4798
8458,U_4799
8459,U_4800
8460,U_4801
8461,U_4802
8462,U_4803
8463,U_4804
8464,U_4805
8465,U_4806
8466,U_4807
8467,U_4808
8468,U_4809
8469,U_4810
8470,U_4811
8471,U_4812
8472,I_2308
8473,U_4813
8474,U_4814
8475,U_4815
8476,U_4816
8477,U_4817
8478,U_4818
8479,U_4819
8480,U_4820
8481,U_4821
8482,U_4822
8483,U_4823
8484,U_4824
8485,U_4825
8486,U_4826
8487,U_4827
8488,U_4828
8489,U_4829
8490,U_4830
8491,U_4831
8492,U_4832
8493,U_4833
8494,U_4834
8495,U_4835
8496,U_4836
8497,U_4837
8498,U_4838
8499,U_4839
8500,U_4840
8501,U_4841
8502,U_4842
8503,U_4843
8504,U_4844
8505,U_4845
8506,U_4846
8507,U_4847
8508,U_4848
8509,U_4849
8510,U_4850
8511,U_4851
8512,U_4852
8513,U_4853
8514,U_4854
8515,U_4855
8516,U_4856
8517,U_4857
8518,U_4858
8519,U_4859
8520,U_4860
8521,U_4861
8522,U_4862
8523,U_4863
8524,U_4864
8525,U_4865
8526,U_4866
8527,U_4867
8528,U_4868
8529,U_4869
8530,U_4870
8531,U_4871
8532,U_4872
8533,U_4873
8534,U_4874
8535,I_624
8536,U_4875
8537,U_4876
8538,U_4877
8539,U_4878
8540,U_4879
8541,U_4880
8542,U_4881
8543,U_4882
8544,U_4883
8545,U_4884
8546,U_4885
8547,U_4886
8548,U_4887
8549,U_4888
8550,U_4889
8551,U_4890
8552,U_4891
8553,U_4892
8554,U_4893
8555,U_4894
8556,U_4895
8557,U_4896
8558,U_4897
8559,U_4898
8560,U_4899
8561,U_4900
8562,U_4901
8563,U_4902
8564,U_4903
8565,U_4904
8566,U_4905
8567,U_4906
8568,U_4907
8569,U_4908
8570,U_4909
8571,U_4910
8572,U_4911
8573,U_4912
8574,U_4913
8575,U_4914
8576,U_4915
8577,U_4916
8578,U_4917
8579,U_4918
8580,U_4919
8581,U_4920
8582,U_4921
8583,U_4922
8584,U_4923
8585,U_4924
8586,U_4925
8587,U_4926
8588,U_4927
8589,U_4928
8590,U_4929
8591,U_4930
8592,U_4931
8593,U_4932
8594,U_4933
8595,U_4934
8596,U_4935
8597,U_4936
8598,U_4937
8599,U_4938
8600,U_4939
8601,U_4940
8602,U_4941
8603,U_4942
8604,U_4943
8605,U_4944
8606,U_4945
8607,U_4946
8608,U_4947
8609,U_4948
8610,U_4949
8611,U_4950
8612,U_4951
8613,U_4952
8614,U_4953
8615,U_4954
8616,U_4955
8617,U_4956
8618,U_4957
8619,U_4958
8620,U_4959
8621,U_4960
8622,U_4961
8623,U_4962
8624,U_4963
8625,U_4964
8626,U_4965
8627,U_4966
8628,U_4967
8629,U_4968
8630,U_4969
8631,U_4970
8632,U_4971
8633,U_4972
8634,U_4973
8635,U_4974
8636,U_4975
8637,U_4976
8638,U_4977
8639,U_4978
8640,U_4979
8641,U_4980
8642,U_4981
8643,U_4982
8644,U_4983
8645,U_4984
8646,U_4985
8647,U_4986
8648,U_4987
8649,U_4988
8650,U_4989
8651,U_4990
8652,U_4991
8653,U_4992
8654,U_4993
8655,U_4994
8656,U_4995
8657,U_4996
8658,U_4997
8659,U_4998
8660,U_4999
8661,U_5000
8662,U_5001
8663,U_5002
8664,U_5003
8665,U_5004
8666,U_5005
8667,U_5006
8668,U_5007
8669,U_5008
8670,U_5009
8671,U_5010
8672,U_5011
8673,U_5012
8674,U_5013
8675,U_5014
8676,U_5015
8677,U_5016
8678,U_5017
8679,U_5018
8680,U_5019
8681,U_5020
8682,U_5021
8683,U_5022
8684,U_5023
8685,U_5024
8686,U_5025
8687,U_5026
8688,U_5027
8689,U_5028
8690,U_5029
8691,U_5030
8692,U_5031
8693,U_5032
8694,U_5033
8695,U_5034
8696,U_5035
8697,U_5036
8698,U_5037
8699,U_5038
8700,U_5039
8701,U_5040
8702,U_5041
8703,U_5042
8704,U_5043
8705,U_5044
8706,U_5045
8707,U_5046
8708,U_5047
8709,U_5048
8710,U_5049
8711,U_5050
8712,U_5051
8713,U_5052
8714,U_5053
8715,U_5054
8716,U_5055
8717,U_5056
8718,U_5057
8719,U_5058
8720,U_5059
8721,I_1434
8722,U_5060
8723,U_5061
8724,U_5062
8725,U_5063
8726,U_5064
8727,U_5065
8728,U_5066
8729,U_5067
8730,U_5068
8731,U_5069
8732,U_5070
8733,U_5071
8734,U_5072
8735,U_5073
8736,U_5074
8737,U_5075
8738,U_5076
8739,U_5077
8740,I_1868
8741,U_5078
8742,U_5079
8743,U_5080
8744,U_5081
8745,U_5082
8746,U_5083
8747,U_5084
8748,U_5085
8749,U_5086
8750,U_5087
8751,U_5088
8752,U_5089
8753,U_5090
8754,U_5091
8755,U_5092
8756,U_5093
8757,U_5094
8758,U_5095
8759,U_5096
8760,U_5097
8761,U_5098
8762,U_5099
8763,U_5100
8764,U_5101
8765,U_5102
8766,U_5103
8767,U_5104
8768,U_5105
8769,I_404
8770,U_5106
8771,U_5107
8772,U_5108
8773,U_5109
8774,U_5110
8775,U_5111
8776,U_5112
8777,U_5113
8778,U_5114
8779,U_5115
8780,U_5116
8781,U_5117
8782,U_5118
8783,U_5119
8784,U_5120
8785,U_5121
8786,U_5122
8787,U_5123
8788,U_5124
8789,U_5125
8790,U_5126
8791,U_5127
8792,U_5128
8793,U_5129
8794,U_5130
8795,U_5131
8796,U_5132
8797,U_5133
8798,U_5134
8799,U_5135
8800,U_5136
8801,U_5137
8802,U_5138
8803,U_5139
8804,U_5140
8805,U_5141
8806,U_5142
8807,U_5143
8808,U_5144
8809,U_5145
8810,U_5146
8811,U_5147
8812,U_5148
8813,U_5149
8814,U_5150
8815,U_5151
8816,U_5152
8817,U_5153
8818,U_5154
8819,U_5155
8820,U_5156
8821,U_5157
8822,U_5158
8823,U_5159
8824,U_5160
8825,U_5161
8826,U_5162
8827,U_5163
8828,U_5164
8829,U_5165
8830,U_5166
8831,U_5167
8832,U_5168
8833,U_5169
8834,U_5170
8835,U_5171
8836,U_5172
8837,U_5173
8838,U_5174
8839,U_5175
8840,U_5176
8841,U_5177
8842,U_5178
8843,U_5179
8844,U_5180
8845,U_5181
8846,U_5182
8847,U_5183
8848,U_5184
8849,U_5185
8850,U_5186
8851,U_5187
8852,U_5188
8853,U_5189
8854,U_5190
8855,U_5191
8856,U_5192
8857,U_5193
8858,U_5194
8859,U_5195
8860,U_5196
8861,U_5197
8862,U_5198
8863,U_5199
8864,U_5200
8865,U_5201
8866,U_5202
8867,U_5203
8868,U_5204
8869,U_5205
8870,U_5206
8871,U_5207
8872,U_5208
8873,U_5209
8874,U_5210
8875,U_5211
8876,U_5212
8877,U_5213
8878,U_5214
8879,U_5215
8880,U_5216
8881,U_5217
8882,U_5218
8883,U_5219
8884,U_5220
8885,I_2543
8886,U_5221
8887,U_5222
8888,U_5223
8889,U_5224
8890,U_5225
8891,U_5226
8892,U_5227
8893,U_5228
8894,U_5229
8895,U_5230
8896,U_5231
8897,U_5232
8898,U_5233
8899,U_5234
8900,U_5235
8901,U_5236
8902,U_5237
8903,U_5238
8904,U_5239
8905,U_5240
8906,U_5241
8907,U_5242
8908,U_5243
8909,U_5244
8910,U_5245
8911,U_5246
8912,U_5247
8913,U_5248
8914,U_5249
8915,U_5250
8916,U_5251
8917,U_5252
8918,U_5253
8919,U_5254
8920,U_5255
8921,U_5256
8922,U_5257
8923,U_5258
8924,U_5259
8925,U_5260
8926,U_5261
8927,U_5262
8928,U_5263
8929,U_5264
8930,U_5265
8931,U_5266
8932,U_5267
8933,U_5268
8934,U_5269
8935,U_5270
8936,U_5271
8937,U_5272
8938,U_5273
8939,U_5274
8940,U_5275
8941,U_5276
8942,U_5277
8943,U_5278
8944,U_5279
8945,U_5280
8946,U_5281
8947,U_5282
8948,U_5283
8949,U_5284
8950,U_5285
8951,U_5286
8952,U_5287
8953,U_5288
8954,U_5289
8955,U_5290
8956,U_5291
8957,U_5292
8958,U_5293
8959,U_5294
8960,U_5295
8961,U_5296
8962,U_5297
8963,U_5298
8964,U_5299
8965,U_5300
8966,U_5301
8967,U_5302
8968,U_5303
8969,U_5304
8970,U_5305
8971,U_5306
8972,U_5307
8973,U_5308
8974,U_5309
8975,U_5310
8976,U_5311
8977,U_5312
8978,U_5313
8979,I_3656
8980,U_5314
8981,U_5315
8982,U_5316
8983,U_5317
8984,U_5318
8985,U_5319
8986,U_5320
8987,U_5321
8988,U_5322
8989,U_5323
8990,U_5324
8991,U_5325
8992,U_5326
8993,U_5327
8994,U_5328
8995,U_5329
8996,U_5330
8997,U_5331
8998,U_5332
8999,U_5333
9000,U_5334
9001,I_3323
9002,I_3382
9003,I_127
9004,U_5335
9005,U_5336
9006,U_5337
9007,U_5338
9008,U_5339
9009,U_5340
9010,U_5341
9011,U_5342
9012,U_5343
9013,U_5344
9014,U_5345
9015,U_5346
9016,U_5347
9017,U_5348
9018,U_5349
9019,U_5350
9020,U_5351
9021,U_5352
9022,U_5353
9023,U_5354
9024,U_5355
9025,U_5356
9026,U_5357
9027,U_5358
9028,U_5359
9029,U_5360
9030,U_5361
9031,U_5362
9032,U_5363
9033,U_5364
9034,U_5365
9035,U_5366
9036,U_5367
9037,U_5368
9038,U_5369
9039,U_5370
9040,U_5371
9041,U_5372
9042,U_5373
9043,U_5374
9044,U_5375
9045,U_5376
9046,U_5377
9047,U_5378
9048,U_5379
9049,U_5380
9050,U_5381
9051,U_5382
9052,U_5383
9053,U_5384
9054,U_5385
9055,U_5386
9056,U_5387
9057,U_5388
9058,U_5389
9059,U_5390
9060,U_5391
9061,U_5392
9062,U_5393
9063,U_5394
9064,U_5395
9065,U_5396
9066,U_5397
9067,U_5398
9068,U_5399
9069,U_5400
9070,U_5401
9071,U_5402
9072,U_5403
9073,U_5404
9074,U_5405
9075,U_5406
9076,U_5407
9077,U_5408
9078,U_5409
9079,U_5410
9080,U_5411
9081,U_5412
9082,U_5413
9083,U_5414
9084,U_5415
9085,U_5416
9086,U_5417
9087,U_5418
9088,U_5419
9089,U_5420
9090,I_1843
9091,U_5421
9092,U_5422
9093,U_5423
9094,U_5424
9095,U_5425
9096,U_5426
9097,U_5427
9098,U_5428
9099,U_5429
9100,U_5430
9101,U_5431
9102,U_5432
9103,U_5433
9104,I_286
9105,U_5434
9106,U_5435
9107,U_5436
9108,U_5437
9109,U_5438
9110,U_5439
9111,U_5440
9112,U_5441
9113,U_5442
9114,U_5443
9115,U_5444
9116,U_5445
9117,U_5446
9118,U_5447
9119,U_5448
9120,U_5449
9121,U_5450
9122,U_5451
9123,U_5452
9124,U_5453
9125,U_5454
9126,U_5455
9127,U_5456
9128,U_5457
9129,U_5458
9130,U_5459
9131,U_5460
9132,U_5461
9133,U_5462
9134,U_5463
9135,U_5464
9136,U_5465
9137,U_5466
9138,U_5467
9139,U_5468
9140,U_5469
9141,U_5470
9142,U_5471
9143,U_5472
9144,U_5473
9145,U_5474
9146,U_5475
9147,U_5476
9148,U_5477
9149,U_5478
9150,U_5479
9151,U_5480
9152,U_5481
9153,U_5482
9154,U_5483
9155,U_5484
9156,U_5485
9157,U_5486
9158,U_5487
9159,U_5488
9160,U_5489
9161,U_5490
9162,U_5491
9163,U_5492
9164,U_5493
9165,U_5494
9166,I_3530
9167,U_5495
9168,U_5496
9169,U_5497
9170,U_5498
9171,U_5499
9172,U_5500
9173,U_5501
9174,U_5502
9175,U_5503
9176,U_5504
9177,U_5505
9178,U_5506
9179,U_5507
9180,U_5508
9181,U_5509
9182,U_5510
9183,U_5511
9184,U_5512
9185,U_5513
9186,U_5514
9187,U_5515
9188,U_5516
9189,U_5517
9190,U_5518
9191,U_5519
9192,U_5520
9193,U_5521
9194,U_5522
9195,U_5523
9196,U_5524
9197,U_5525
9198,U_5526
9199,U_5527
9200,U_5528
9201,U_5529
9202,U_5530
9203,U_5531
9204,U_5532
9205,U_5533
9206,U_5534
9207,U_5535
9208,U_5536
9209,U_5537
9210,U_5538
9211,U_5539
9212,U_5540
9213,U_5541
9214,U_5542
9215,U_5543
9216,U_5544
9217,U_5545
9218,U_5546
9219,U_5547
9220,U_5548
9221,U_5549
9222,U_5550
9223,U_5551
9224,U_5552
9225,U_5553
9226,U_5554
9227,U_5555
9228,U_5556
9229,U_5557
9230,U_5558
9231,U_5559
9232,U_5560
9233,U_5561
9234,U_5562
9235,U_5563
9236,U_5564
9237,U_5565
9238,U_5566
9239,U_5567
9240,U_5568
9241,U_5569
9242,U_5570
9243,U_5571
9244,U_5572
9245,U_5573
9246,U_5574
9247,U_5575
9248,U_5576
9249,U_5577
9250,U_5578
9251,U_5579
9252,U_5580
9253,U_5581
9254,U_5582
9255,U_5583
9256,U_5584
9257,U_5585
9258,U_5586
9259,U_5587
9260,U_5588
9261,U_5589
9262,U_5590
9263,U_5591
9264,U_5592
9265,U_5593
9266,U_5594
9267,U_5595
9268,U_5596
9269,U_5597
9270,U_5598
9271,U_5599
9272,U_5600
9273,U_5601
9274,U_5602
9275,U_5603
9276,U_5604
9277,U_5605
9278,U_5606
9279,U_5607
9280,U_5608
9281,U_5609
9282,U_5610
9283,U_5611
9284,U_5612
9285,U_5613
9286,U_5614
9287,U_5615
9288,U_5616
9289,U_5617
9290,U_5618
9291,U_5619
9292,U_5620
9293,U_5621
9294,U_5622
9295,U_5623
9296,U_5624
9297,U_5625
9298,U_5626
9299,U_5627
9300,U_5628
9301,U_5629
9302,U_5630
9303,U_5631
9304,U_5632
9305,U_5633
9306,U_5634
9307,U_5635
9308,U_5636
9309,U_5637
9310,U_5638
9311,U_5639
9312,U_5640
9313,U_5641
9314,U_5642
9315,U_5643
9316,U_5644
9317,U_5645
9318,U_5646
9319,U_5647
9320,U_5648
9321,U_5649
9322,U_5650
9323,U_5651
9324,U_5652
9325,U_5653
9326,U_5654
9327,U_5655
9328,U_5656
9329,U_5657
9330,U_5658
9331,U_5659
9332,U_5660
9333,U_5661
9334,U_5662
9335,U_5663
9336,U_5664
9337,U_5665
9338,U_5666
9339,U_5667
9340,U_5668
9341,U_5669
9342,U_5670
9343,U_5671
9344,U_5672
9345,U_5673
9346,U_5674
9347,U_5675
9348,U_5676
9349,U_5677
9350,U_5678
9351,U_5679
9352,I_3443
9353,U_5680
9354,U_5681
9355,U_5682
9356,U_5683
9357,U_5684
9358,U_5685
9359,U_5686
9360,U_5687
9361,U_5688
9362,U_5689
9363,U_5690
9364,U_5691
9365,U_5692
9366,U_5693
9367,U_5694
9368,U_5695
9369,U_5696
9370,U_5697
9371,U_5698
9372,U_5699
9373,U_5700
9374,U_5701
9375,U_5702
9376,U_5703
9377,U_5704
9378,U_5705
9379,U_5706
9380,U_5707
9381,U_5708
9382,U_5709
9383,U_5710
9384,U_5711
9385,U_5712
9386,U_5713
9387,U_5714
9388,U_5715
9389,U_5716
9390,U_5717
9391,I_2258
9392,U_5718
9393,U_5719
9394,U_5720
9395,U_5721
9396,U_5722
9397,U_5723
9398,U_5724
9399,U_5725
9400,U_5726
9401,U_5727
9402,U_5728
9403,U_5729
9404,U_5730
9405,U_5731
9406,U_5732
9407,U_5733
9408,U_5734
9409,U_5735
9410,U_5736
9411,U_5737
9412,U_5738
9413,U_5739
9414,U_5740
9415,U_5741
9416,U_5742
9417,U_5743
9418,U_5744
9419,U_5745
9420,U_5746
9421,U_5747
9422,U_5748
9423,U_5749
9424,U_5750
9425,U_5751
9426,U_5752
9427,U_5753
9428,U_5754
9429,U_5755
9430,U_5756
9431,U_5757
9432,U_5758
9433,U_5759
9434,U_5760
9435,U_5761
9436,U_5762
9437,U_5763
9438,U_5764
9439,U_5765
9440,U_5766
9441,U_5767
9442,U_5768
9443,U_5769
9444,U_5770
9445,U_5771
9446,U_5772
9447,U_5773
9448,U_5774
9449,U_5775
9450,U_5776
9451,U_5777
9452,U_5778
9453,U_5779
9454,U_5780
9455,I_2845
9456,U_5781
9457,U_5782
9458,U_5783
9459,U_5784
9460,U_5785
9461,U_5786
9462,U_5787
9463,U_5788
9464,U_5789
9465,U_5790
9466,U_5791
9467,U_5792
9468,U_5793
9469,U_5794
9470,U_5795
9471,I_591
9472,U_5796
9473,U_5797
9474,U_5798
9475,U_5799
9476,U_5800
9477,U_5801
9478,U_5802
9479,U_5803
9480,U_5804
9481,U_5805
9482,U_5806
9483,U_5807
9484,U_5808
9485,U_5809
9486,U_5810
9487,U_5811
9488,U_5812
9489,U_5813
9490,U_5814
9491,U_5815
9492,U_5816
9493,U_5817
9494,U_5818
9495,U_5819
9496,U_5820
9497,U_5821
9498,U_5822
9499,U_5823
9500,U_5824
9501,U_5825
9502,U_5826
9503,U_5827
9504,U_5828
9505,U_5829
9506,U_5830
9507,U_5831
9508,U_5832
9509,U_5833
9510,U_5834
9511,U_5835
9512,U_5836
9513,U_5837
9514,U_5838
9515,U_5839
9516,U_5840
9517,U_5841
9518,U_5842
9519,U_5843
9520,U_5844
9521,U_5845
9522,U_5846
9523,U_5847
9524,U_5848
9525,U_5849
9526,U_5850
9527,U_5851
9528,I_3607
9529,U_5852
9530,U_5853
9531,U_5854
9532,U_5855
9533,U_5856
9534,U_5857
9535,U_5858
9536,U_5859
9537,U_5860
9538,U_5861
9539,U_5862
9540,U_5863
9541,U_5864
9542,U_5865
9543,U_5866
9544,U_5867
9545,U_5868
9546,U_5869
9547,U_5870
9548,U_5871
9549,U_5872
9550,U_5873
9551,U_5874
9552,U_5875
9553,U_5876
9554,U_5877
9555,U_5878
9556,U_5879
9557,U_5880
9558,U_5881
9559,U_5882
9560,U_5883
9561,U_5884
9562,U_5885
9563,U_5886
9564,U_5887
9565,U_5888
9566,U_5889
9567,U_5890
9568,U_5891
9569,U_5892
9570,U_5893
9571,U_5894
9572,U_5895
9573,U_5896
9574,U_5897
9575,U_5898
9576,U_5899
9577,U_5900
9578,U_5901
9579,U_5902
9580,U_5903
9581,U_5904
9582,U_5905
9583,U_5906
9584,U_5907
9585,U_5908
9586,U_5909
9587,U_5910
9588,U_5911
9589,U_5912
9590,U_5913
9591,U_5914
9592,U_5915
9593,U_5916
9594,U_5917
9595,U_5918
9596,U_5919
9597,U_5920
9598,U_5921
9599,U_5922
9600,U_5923
9601,U_5924
9602,U_5925
9603,U_5926
9604,U_5927
9605,U_5928
9606,U_5929
9607,U_5930
9608,U_5931
9609,U_5932
9610,U_5933
9611,U_5934
9612,U_5935
9613,U_5936
9614,U_5937
9615,U_5938
9616,I_2909
9617,U_5939
9618,U_5940
9619,U_5941
9620,U_5942
9621,U_5943
9622,U_5944
9623,U_5945
9624,U_5946
9625,U_5947
9626,U_5948
9627,I_1360
9628,U_5949
9629,I_2198
9630,U_5950
9631,U_5951
9632,U_5952
9633,U_5953
9634,U_5954
9635,U_5955
9636,U_5956
9637,U_5957
9638,U_5958
9639,U_5959
9640,U_5960
9641,U_5961
9642,U_5962
9643,U_5963
9644,U_5964
9645,U_5965
9646,U_5966
9647,U_5967
9648,U_5968
9649,U_5969
9650,U_5970
9651,U_5971
9652,U_5972
9653,U_5973
9654,U_5974
9655,U_5975
9656,U_5976
9657,U_5977
9658,U_5978
9659,U_5979
9660,U_5980
9661,U_5981
9662,U_5982
9663,U_5983
9664,U_5984
9665,U_5985
9666,U_5986
9667,U_5987
9668,U_5988
9669,U_5989
9670,U_5990
9671,U_5991
9672,U_5992
9673,U_5993
9674,U_5994
9675,U_5995
9676,U_5996
9677,U_5997
9678,U_5998
9679,U_5999
9680,U_6000
9681,U_6001
9682,U_6002
9683,U_6003
9684,U_6004
9685,U_6005
9686,U_6006
9687,U_6007
9688,U_6008
9689,U_6009
9690,U_6010
9691,U_6011
9692,U_6012
9693,U_6013
9694,U_6014
9695,U_6015
9696,U_6016
9697,U_6017
9698,U_6018
9699,U_6019
9700,U_6020
9701,U_6021
9702,U_6022
9703,U_6023
9704,U_6024
9705,U_6025
9706,U_6026
9707,U_6027
9708,U_6028
9709,U_6029
9710,U_6030
9711,U_6031
9712,U_6032
9713,U_6033
9714,U_6034
9715,U_6035
9716,U_6036
9717,U_6037
9718,U_6038
9719,U_6039
9720,U_6040
9721,G_Animation
9722,G_Children's
9723,G_Comedy
9724,Ac_Tom Hanks
9725,Ac_Tim Allen
9726,Ac_Don Rickles
9727,Ac_Jim Varney
9728,D_John Lasseter
9729,G_Adventure
9730,I_3332
9731,I_109
9732,I_115
9733,I_403
9734,I_734
9735,I_739
9736,I_752
9737,I_772
9738,I_794
9739,I_797
9740,I_819
9741,I_825
9742,I_856
9743,I_868
9744,I_871
9745,I_1001
9746,I_1045
9747,I_1075
9748,I_1143
9749,I_1146
9750,I_1158
9751,I_1166
9752,I_1308
9753,I_1318
9754,I_1467
9755,I_1698
9756,I_1723
9757,I_1738
9758,I_1774
9759,I_1830
9760,I_2222
9761,I_2230
9762,I_2319
9763,I_2484
9764,I_2601
9765,I_2684
9766,I_2838
9767,I_3023
9768,I_3057
9769,I_3227
9770,I_3231
9771,I_3234
9772,I_3829
9773,G_Fantasy
9774,Ac_Robin Williams
9775,Ac_Kirsten Dunst
9776,Ac_Bonnie Hunt
9777,Ac_Jonathan Hyde
9778,D_Joe Johnston
9779,G_Family
9780,I_3279
9781,G_Romance
9782,Ac_Walter Matthau
9783,Ac_Jack Lemmon
9784,Ac_Ann-Margret
9785,Ac_Sophia Loren
9786,D_Howard Deutch
9787,I_654
9788,I_821
9789,I_894
9790,I_983
9791,I_1137
9792,I_1159
9793,I_1309
9794,I_1314
9795,I_2910
9796,G_Drama
9797,I_51
9798,I_143
9799,I_285
9800,I_395
9801,I_399
9802,I_400
9803,I_620
9804,I_625
9805,I_629
9806,I_636
9807,I_642
9808,I_675
9809,I_676
9810,I_693
9811,I_699
9812,I_701
9813,I_713
9814,I_721
9815,I_723
9816,I_738
9817,I_763
9818,I_768
9819,I_770
9820,I_773
9821,I_795
9822,I_812
9823,I_816
9824,I_822
9825,I_845
9826,I_855
9827,I_857
9828,I_865
9829,I_873
9830,I_979
9831,I_1052
9832,I_1109
9833,I_1140
9834,I_1141
9835,I_1155
9836,I_1156
9837,I_1157
9838,I_1368
9839,I_1400
9840,I_1524
9841,I_1557
9842,I_1559
9843,I_1568
9844,I_1577
9845,I_1628
9846,I_1705
9847,I_1706
9848,I_1708
9849,I_1710
9850,I_1716
9851,I_1740
9852,I_1757
9853,I_1765
9854,I_1768
9855,I_1776
9856,I_1781
9857,I_1789
9858,I_1819
9859,I_1847
9860,I_1852
9861,I_2030
9862,I_2199
9863,I_2216
9864,I_2218
9865,I_2220
9866,I_2224
9867,I_2225
9868,I_2228
9869,I_2229
9870,I_2274
9871,I_2277
9872,I_2438
9873,I_2489
9874,I_2508
9875,I_2547
9876,I_2564
9877,I_2588
9878,I_2603
9879,I_2680
9880,I_2703
9881,I_2832
9882,I_2954
9883,I_2957
9884,I_2958
9885,I_2980
9886,I_3009
9887,I_3059
9888,I_3080
9889,I_3191
9890,I_3195
9891,I_3383
9892,I_3411
9893,I_3455
9894,I_3558
9895,I_3560
9896,I_3561
9897,I_3582
9898,I_3583
9899,I_3750
9900,I_3856
9901,I_3907
9902,Ac_Steve Martin
9903,Ac_Diane Keaton
9904,Ac_Martin Short
9905,Ac_Kimberly Williams-Paisley
9906,D_Charles Shyer
9907,G_Action
9908,G_Crime
9909,G_Thriller
9910,Ac_Al Pacino
9911,Ac_Robert De Niro
9912,Ac_Val Kilmer
9913,Ac_Jon Voight
9914,D_Michael Mann
9915,I_284
9916,I_1110
9917,I_1424
9918,I_3541
9919,I_1578
9920,I_1697
9921,I_1742
9922,I_3348
9923,I_3369
9924,I_226
9925,I_890
9926,I_1709
9927,I_2214
9928,I_3291
9929,Ac_Jean-Claude Van Damme
9930,Ac_Powers Boothe
9931,Ac_Raymond J. Barry
9932,Ac_Whittni Wright
9933,D_Peter Hyams
9934,Ac_Pierce Brosnan
9935,Ac_Sean Bean
9936,Ac_Izabella Scorupco
9937,Ac_Famke Janssen
9938,D_Martin Campbell
9939,G_Horror
9940,Ac_Leslie Nielsen
9941,Ac_Mel Brooks
9942,Ac_Peter MacNicol
9943,Ac_Steven Weber
9944,D_Mel Brooks
9945,I_3280
9946,I_3485
9947,I_3589
9948,I_3630
9949,I_3650
9950,Ac_Kevin Bacon
9951,Ac_Bob Hoskins
9952,Ac_Bridget Fonda
9953,Ac_Jim Cummings
9954,D_Simon Wells
9955,Ac_Anthony Hopkins
9956,Ac_Joan Allen
9957,Ac_Ed Harris
9958,D_Oliver Stone
9959,G_History
9960,Ac_Geena Davis
9961,Ac_Matthew Modine
9962,Ac_Frank Langella
9963,Ac_Maury Chaykin
9964,D_Renny Harlin
9965,Ac_Sharon Stone
9966,Ac_Joe Pesci
9967,Ac_James Woods
9968,D_Martin Scorsese
9969,Ac_Emma Thompson
9970,Ac_Kate Winslet
9971,Ac_James Fleet
9972,Ac_Tom Wilkinson
9973,D_Ang Lee
9974,Ac_Tim Roth
9975,Ac_Antonio Banderas
9976,Ac_Sammi Davis
9977,Ac_Amanda De Cadenet
9978,D_Directors:Allison Anders
9979,D_Alexandre Rockwell
9980,D_Robert Rodriguez
9981,D_Quentin Tarantino
9982,D_Chuck Jones
9983,Ac_Jim Carrey
9984,Ac_Ian McNeice
9985,Ac_Simon Callow
9986,Ac_Maynard Eziashi
9987,D_Steve Oedekerk
9988,Ac_Wesley Snipes
9989,Ac_Woody Harrelson
9990,Ac_Jennifer Lopez
9991,Ac_Robert Blake
9992,D_Joseph Ruben
9993,Ac_Gene Hackman
9994,Ac_Rene Russo
9995,Ac_Danny DeVito
9996,Ac_John Travolta
9997,D_Barry Sonnenfeld
9998,Ac_Sigourney Weaver
9999,Ac_Holly Hunter
10000,Ac_Dermot Mulroney
10001,Ac_William McNamara
10002,D_Jon Amiel
10003,G_Mystery
10004,Ac_Sylvester Stallone
10005,Ac_Julianne Moore
10006,Ac_Anatoli Davydov
10007,D_Richard Donner
10008,G_Sci-Fi
10009,Ac_Mary Steenburgen
10010,Ac_Sean Patrick Flanery
10011,Ac_Lance Henriksen
10012,Ac_Jeff Goldblum
10013,D_Victor Salva
10014,I_2698
10015,Ac_Nicolas Cage
10016,Ac_Elisabeth Shue
10017,Ac_Julian Sands
10018,Ac_Richard Lewis
10019,D_Mike Figgis
10020,Ac_Christina Ricci
10021,Ac_Demi Moore
10022,Ac_Rosie O'Donnell
10023,Ac_Thora Birch
10024,D_Lesli Linka Glatter
10025,Ac_Richard E. Grant
10026,Ac_Henry Golding
10027,Ac_Ben Bailey Smith
10028,Ac_Yolanda Kettle
10029,D_Carrie Cracknell
10030,Ac_Michelle Pfeiffer
10031,Ac_George Dzundza
10032,Ac_Courtney B. Vance
10033,Ac_Robin Bartlett
10034,D_John N. Smith
10035,Ac_Bruce Willis
10036,Ac_Madeleine Stowe
10037,Ac_Brad Pitt
10038,Ac_Joseph Melito
10039,D_Terry Gilliam
10040,Ac_James Cromwell
10041,Ac_Magda Szubanski
10042,Ac_Christine Cavanaugh
10043,Ac_Miriam Margolyes
10044,D_Chris Noonan
10045,Ac_Susan Sarandon
10046,Ac_Sean Penn
10047,Ac_Robert Prosky
10048,D_Tim Robbins
10049,G_Documentary
10050,I_604
10051,I_683
10052,I_727
10053,I_1106
10054,I_1108
10055,I_1122
10056,I_1319
10057,I_1443
10058,I_1448
10059,I_1462
10060,I_2270
10061,I_2595
10062,I_2604
10063,I_3084
10064,I_3193
10065,I_3226
10066,I_3237
10067,I_3278
10068,I_3297
10069,I_3356
10070,I_3890
10071,Ac_Alicia Silverstone
10072,Ac_Stacey Dash
10073,Ac_Brittany Murphy
10074,Ac_Paul Rudd
10075,D_Amy Heckerling
10076,G_War
10077,I_777
10078,Ac_Lewis Tan
10079,Ac_Jessica McNamee
10080,Ac_Josh Lawson
10081,Ac_Joe Taslim
10082,D_Simon McQuoid
10083,Ac_Christopher Lambert
10084,Ac_Robin Shou
10085,Ac_Linden Ashby
10086,Ac_Cary-Hiroyuki Tagawa
10087,D_Paul W.S. Anderson
10088,Ac_Nicole Kidman
10089,Ac_Matt Dillon
10090,Ac_Joaquin Phoenix
10091,Ac_Casey Affleck
10092,D_Gus Van Sant
10093,G_Musical
10094,Ac_Mel Gibson
10095,Ac_Linda Hunt
10096,Ac_Christian Bale
10097,Ac_Joe Baker
10098,D_Directors:Mike Gabriel
10099,D_Eric Goldberg
10100,Ac_Woody Allen
10101,Ac_Mira Sorvino
10102,Ac_Pamela Blair
10103,Ac_Rene Ceballos
10104,D_Woody Allen
10105,I_1065
10106,Ac_Richard Dreyfuss
10107,Ac_Glenne Headly
10108,Ac_Jay Thomas
10109,Ac_Olympia Dukakis
10110,D_Stephen Herek
10111,G_Music
10112,Ac_Shawn Wayans
10113,Ac_Marlon Wayans
10114,Ac_Keenen Ivory Wayans
10115,Ac_Tracey Cherelle Jones
10116,D_Paris Barclay
10117,Ac_Pauly Shore
10118,Ac_Stephen Baldwin
10119,Ac_William Atherton
10120,Ac_Denise Dowse
10121,D_Jason Bloom
10122,Ac_Ice Cube
10123,Ac_Chris Tucker
10124,Ac_Nia Long
10125,Ac_Tom Lister Jr.
10126,D_F. Gary Gray
10127,Ac_Harvey Keitel
10128,Ac_George Clooney
10129,Ac_Juliette Lewis
10130,Ac_Quentin Tarantino
10131,Ac_Naomi Watts
10132,Ac_Sonya Davison
10133,Ac_Vanessa Chong
10134,D_Doug Liman
10135,Ac_Andy Garcia
10136,Ac_Christopher Walken
10137,Ac_Christopher Lloyd
10138,Ac_William Forsythe
10139,D_Gary Fleder
10140,Ac_Chris Farley
10141,Ac_David Spade
10142,Ac_Tim Matheson
10143,Ac_Christine Ebersole
10144,D_Penelope Spheeris
10145,Ac_Oliver Driver
10146,Ac_Nathan Meister
10147,Ac_Tammy Davis
10148,Ac_Matthew Chamberlain
10149,D_Jonathan King
10150,Ac_Johnny Depp
10151,Ac_Courtney Chase
10152,Ac_Charles S. Dutton
10153,D_John Badham
10154,Ac_Timothy Hutton
10155,Ac_Noah Emmerich
10156,Ac_Annabeth Gish
10157,D_Ted Demme
10158,Ac_Christian Slater
10159,Ac_Samantha Mathis
10160,Ac_Delroy Lindo
10161,D_John Woo
10162,Ac_Luke Wilson
10163,Ac_Owen Wilson
10164,Ac_Ned Dowd
10165,Ac_Shea Fowler
10166,D_Wes Anderson
10167,Ac_Adam Sandler
10168,Ac_Christopher McDonald
10169,Ac_Julie Bowen
10170,Ac_Frances Bay
10171,D_Dennis Dugan
10172,G_Sport
10173,Ac_Sophie Marceau
10174,Ac_Patrick McGoohan
10175,Ac_Angus Macfadyen
10176,D_Mel Gibson
10177,Ac_Jodie Foster
10178,Ac_Cybill Shepherd
10179,Ac_Albert Brooks
10180,Ac_Eddie Murphy
10181,Ac_Robin Givens
10182,Ac_Halle Berry
10183,Ac_David Alan Grier
10184,D_Reginald Hudlin
10185,Ac_Laura Linney
10186,Ac_Lewis Black
10187,D_Barry Levinson
10188,Ac_Will Smith
10189,Ac_Martin Lawrence
10190,Ac_Lisa Boyle
10191,Ac_Michael Taliferro
10192,D_Michael Bay
10193,Ac_Bill Paxton
10194,Ac_Gary Sinise
10195,D_Ron Howard
10196,Ac_Liam Neeson
10197,Ac_Jessica Lange
10198,Ac_John Hurt
10199,D_Michael Caton-Jones
10200,G_Biography
10201,Ac_Tommy Lee Jones
10202,D_Joel Schumacher
10203,Ac_Catherine Deneuve
10204,Ac_Jean Sorel
10205,Ac_Michel Piccoli
10206,Ac_Geneviève Page
10207,D_Luis Buñuel
10208,Ac_Bill Pullman
10209,Ac_Cathy Moriarty
10210,Ac_Eric Idle
10211,D_Brad Silberling
10212,Ac_Tim Curry
10213,Ac_Dylan Walsh
10214,Ac_Ernie Hudson
10215,D_Frank Marshall
10216,Ac_Denzel Washington
10217,Ac_Matt Craven
10218,D_Tony Scott
10219,Ac_Salma Hayek
10220,Ac_Joaquim de Almeida
10221,Ac_Cheech Marin
10222,G_Film-Noir
10223,Ac_Jeremy Irons
10224,Ac_Samuel L. Jackson
10225,Ac_Graham Greene
10226,D_John McTiernan
10227,Ac_Sean Connery
10228,Ac_Richard Gere
10229,Ac_Julia Ormond
10230,Ac_Ben Cross
10231,D_Jerry Zucker
10232,Ac_Jonny Lee Miller
10233,Ac_Angelina Jolie
10234,Ac_Jesse Bradford
10235,Ac_Matthew Lillard
10236,D_Iain Softley
10237,Ac_Keanu Reeves
10238,Ac_Dolph Lundgren
10239,Ac_Dina Meyer
10240,Ac_Ice-T
10241,D_Robert Longo
10242,Ac_Armand Assante
10243,Ac_Rob Schneider
10244,Ac_Jürgen Prochnow
10245,D_Danny Cannon
10246,Ac_Leo Fitzpatrick
10247,Ac_Justin Pierce
10248,Ac_Chloë Sevigny
10249,Ac_Sarah Henderson
10250,D_Larry Clark
10251,Ac_Shannen Doherty
10252,Ac_Jeremy London
10253,Ac_Jason Lee
10254,Ac_Claire Forlani
10255,D_Kevin Smith
10256,Ac_Hugh Grant
10257,Ac_Tom Arnold
10258,Ac_Joan Cusack
10259,D_Chris Columbus
10260,Ac_Jason Statham
10261,Ac_Catherine Chan
10262,Ac_Chris Sarandon
10263,Ac_Robert John Burke
10264,D_Boaz Yakin
10265,Ac_Elizabeth Berkley
10266,Ac_Kyle MacLachlan
10267,Ac_Gina Gershon
10268,Ac_Glenn Plummer
10269,D_Paul Verhoeven
10270,Ac_William Hurt
10271,Ac_Giancarlo Esposito
10272,Ac_José Zúñiga
10273,D_Wayne Wang
10274,Ac_Natasha Henstridge
10275,Ac_Michael Madsen
10276,Ac_Ben Kingsley
10277,Ac_Alfred Molina
10278,D_Roger Donaldson
10279,Ac_Ralph Fiennes
10280,Ac_Angela Bassett
10281,Ac_Tom Sizemore
10282,D_Kathryn Bigelow
10283,Ac_Patrick Swayze
10284,Ac_John Leguizamo
10285,Ac_Stockard Channing
10286,D_Beeban Kidron
10287,Ac_Steven Seagal
10288,Ac_Eric Bogosian
10289,Ac_Everett McGill
10290,Ac_Katherine Heigl
10291,D_Geoff Murphy
10292,Ac_Kevin Costner
10293,Ac_Jeanne Tripplehorn
10294,Ac_Dennis Hopper
10295,Ac_Tina Majorino
10296,D_Kevin Reynolds
10297,G_Western
10298,I_3170
10299,Ac_Ethan Hawke
10300,Ac_Julie Delpy
10301,Ac_Andrea Eckert
10302,Ac_Hanno Pöschl
10303,D_Richard Linklater
10304,Ac_Darren McGavin
10305,Ac_Bridgette Wilson-Sampras
10306,Ac_Bradley Whitford
10307,D_Tamra Davis
10308,Ac_Brian O'Halloran
10309,Ac_Jeff Anderson
10310,Ac_Marilyn Ghigliotti
10311,Ac_Lisa Spoonauer
10312,Ac_Marlon Brando
10313,Ac_Faye Dunaway
10314,Ac_Géraldine Pailhas
10315,D_Jeremy Leven
10316,Ac_Michael Douglas
10317,Ac_Donald Sutherland
10318,Ac_Caroline Goodall
10319,Ac_Stuart Wilson
10320,Ac_Krystia Mova
10321,D_Roman Polanski
10322,Ac_Kathy Bates
10323,Ac_Jennifer Jason Leigh
10324,Ac_Christopher Plummer
10325,Ac_Judy Parfitt
10326,D_Taylor Hackford
10327,Ac_Martin Landau
10328,Ac_Sarah Jessica Parker
10329,Ac_Patricia Arquette
10330,D_Tim Burton
10331,Ac_Meg Ryan
10332,Ac_Kevin Kline
10333,Ac_Jean Reno
10334,D_Lawrence Kasdan
10335,Ac_Melanie Lynskey
10336,Ac_Sarah Peirse
10337,Ac_Diana Kent
10338,D_Peter Jackson
10339,Ac_Tom McGowan
10340,Ac_Aaron Schwartz
10341,Ac_Ben Stiller
10342,Ac_David Goldman
10343,D_Steven Brill
10344,Ac_Tim Robbins
10345,Ac_Lou Jacobi
10346,D_Fred Schepisi
10347,Ac_Arnold Schwarzenegger
10348,D_Ivan Reitman
10349,Ac_Laurence Fishburne
10350,Ac_Kate Capshaw
10351,Ac_Blair Underwood
10352,D_Arne Glimcher
10353,Ac_Saoirse Ronan
10354,Ac_Emma Watson
10355,Ac_Florence Pugh
10356,Ac_Eliza Scanlen
10357,D_Greta Gerwig
10358,Ac_Winona Ryder
10359,Ac_Claire Danes
10360,D_Gillian Armstrong
10361,Ac_Aidan Quinn
10362,D_Edward Zwick
10363,Ac_Damon Wayans
10364,Ac_Michael Ironside
10365,Ac_Bam Bam Bigelow
10366,Ac_Joseph Blaire
10367,D_Nick Castle
10368,Ac_Gary Oldman
10369,Ac_Embeth Davidtz
10370,D_Marc Rocco
10371,Ac_Natasha Richardson
10372,Ac_Richard Libertini
10373,D_Michael Apted
10374,Ac_Rodney Dangerfield
10375,Ac_Rena Owen
10376,Ac_Temuera Morrison
10377,Ac_Mamaengaroa Kerr-Bell
10378,Ac_Julian Arahanga
10379,D_Lee Tamahori
10380,Ac_Dustin Hoffman
10381,Ac_Morgan Freeman
10382,Ac_Kevin Spacey
10383,D_Wolfgang Petersen
10384,Ac_Uma Thurman
10385,Ac_Paul Bettany
10386,Ac_Cam Gigandet
10387,Ac_Maggie Q
10388,Ac_Karl Urban
10389,D_Scott Stewart
10390,Ac_John Turturro
10391,Ac_Rob Morrow
10392,Ac_Paul Scofield
10393,D_Robert Redford
10394,Ac_Kurt Russell
10395,Ac_James Spader
10396,Ac_Jaye Davidson
10397,Ac_Viveca Lindfors
10398,D_Roland Emmerich
10399,Ac_Kerry Fox
10400,Ac_Christopher Eccleston
10401,Ac_Ewan McGregor
10402,Ac_Ken Stott
10403,D_Danny Boyle
10404,Ac_Lori Petty
10405,Ac_Don Harvey
10406,D_Rachel Talalay
10407,Ac_Patrick Stewart
10408,Ac_William Shatner
10409,Ac_Malcolm McDowell
10410,Ac_Jonathan Frakes
10411,D_David Carson
10412,Ac_Brian Dennehy
10413,Ac_Bo Derek
10414,D_Peter Segal
10415,Ac_Leonardo DiCaprio
10416,D_Lasse Hallström
10417,Ac_Russell Crowe
10418,Ac_Kelly Lynch
10419,Ac_Stephen Spinella
10420,D_Brett Leonard
10421,Ac_Sandra Bullock
10422,Ac_Peter Gallagher
10423,Ac_Peter Boyle
10424,D_Jon Turteltaub
10425,Ac_Toni Collette
10426,Ac_Rachel Griffiths
10427,Ac_Bill Hunter
10428,Ac_Sophie Lee
10429,D_P.J. Hogan
10430,Ac_Courteney Cox
10431,Ac_Sean Young
10432,Ac_Tone Loc
10433,D_Tom Shadyac
10434,Ac_Kristin Scott Thomas
10435,Ac_Emmanuelle Seigner
10436,Ac_Peter Coyote
10437,Ac_John Cusack
10438,Ac_Dianne Wiest
10439,Ac_Jennifer Tilly
10440,Ac_Chazz Palminteri
10441,Ac_Harrison Ford
10442,Ac_Willem Dafoe
10443,Ac_Anne Archer
10444,D_Phillip Noyce
10445,Ac_Robin Wright
10446,Ac_Sally Field
10447,D_Robert Zemeckis
10448,Ac_Andie MacDowell
10449,D_Mike Newell
10450,Ac_Rosie Perez
10451,Ac_Wendell Pierce
10452,D_Andrew Bergman
10453,Ac_Heather Langenkamp
10454,Ac_Robert Englund
10455,Ac_Jf Davis
10456,Ac_Miko Hughes
10457,D_Wes Craven
10458,Ac_James Garner
10459,Ac_Priscilla Presley
10460,Ac_George Kennedy
10461,Ac_O.J. Simpson
10462,Ac_Janeane Garofalo
10463,Ac_Steve Zahn
10464,D_Ben Stiller
10465,Ac_Joe Morton
10466,D_Jan de Bont
10467,Ac_Mia Sara
10468,Ac_Ron Silver
10469,Ac_Bruce McGill
10470,Ac_Jamie Lee Curtis
10471,D_James Cameron
10472,Ac_Jack Nicholson
10473,Ac_Kate Nelligan
10474,D_Mike Nichols
10475,Ac_Dennis Quaid
10476,Ac_David Andrews
10477,Ac_Chris Rock
10478,Ac_Matthew Marsh
10479,Ac_Gabriel Macht
10480,Ac_Raul Julia
10481,Ac_Ming-Na Wen
10482,Ac_Damian Chapa
10483,D_Steven E. de Souza
10484,Ac_Ashton Kutcher
10485,Ac_Debra Messing
10486,D_Directors:Roger Allers
10487,D_Jill Culton
10488,D_Anthony Stacchi
10489,Ac_Sam Neill
10490,Ac_Julie Carmen
10491,Ac_David Warner
10492,D_John Carpenter
10493,Ac_Anjelica Huston
10494,Ac_Brendan Fraser
10495,Ac_Steve Buscemi
10496,D_Michael Lehmann
10497,Ac_Jon Tenney
10498,Ac_Joey Travolta
10499,Ac_Eugene Collier
10500,D_John Landis
10501,Ac_Jeff Bridges
10502,Ac_Suzy Amis
10503,Ac_Lloyd Bridges
10504,D_Stephen Hopkins
10505,Ac_Penelope Ann Miller
10506,D_Brian De Palma
10507,Ac_John Lithgow
10508,Ac_Michael Rooker
10509,Ac_Janine Turner
10510,Ac_Dan Aykroyd
10511,Ac_Jane Curtin
10512,Ac_Robert Knott
10513,Ac_Jonathan Penner
10514,D_Steve Barron
10515,Ac_Kevin Dunn
10516,Ac_Jason London
10517,Ac_Wiley Wiggins
10518,Ac_Matthew McConaughey
10519,Ac_Rory Cochrane
10520,Ac_Nigel Hawthorne
10521,D_Marco Brambilla
10522,Ac_Jason James Richter
10523,Ac_Jayne Atkinson
10524,D_Simon Wincer
10525,Ac_Daisy Edgar-Jones
10526,Ac_Sebastian Stan
10527,Ac_Jojo T. Gibbs
10528,Ac_Andrea Bang
10529,D_Mimi Cave
10530,Ac_Yancy Butler
10531,Ac_Chuck Pfarrer
10532,Ac_Charlie Sheen
10533,Ac_Valeria Golino
10534,Ac_Richard Crenna
10535,D_Jim Abrahams
10536,Ac_Clint Eastwood
10537,Ac_John Malkovich
10538,Ac_Dylan McDermott
10539,Ac_Daniel Day-Lewis
10540,Ac_Pete Postlethwaite
10541,Ac_Alison Crosbie
10542,Ac_Philip King
10543,D_Jim Sheridan
10544,Ac_Laura Dern
10545,Ac_Richard Attenborough
10546,D_Steven Spielberg
10547,Ac_Kathy Larson
10548,Ac_David Milford
10549,D_Dominic Sena
10550,Ac_F. Murray Abraham
10551,Ac_Art Carney
10552,Ac_Charles Dance
10553,Ac_Alec Baldwin
10554,Ac_Bebe Neuwirth
10555,D_Harold Becker
10556,Ac_Jerry Adler
10557,Ac_Lynn Cohen
10558,Ac_Tyrin Turner
10559,Ac_Larenz Tate
10560,Ac_June Kyoto Lu
10561,Ac_Toshi Toda
10562,D_Directors:Albert Hughes
10563,D_Allen Hughes
10564,Ac_Oliver Platt
10565,D_Stuart Baird
10566,Ac_Kenneth Branagh
10567,Ac_Kate Beckinsale
10568,D_Kenneth Branagh
10569,Ac_Harvey Fierstein
10570,Ac_David Thewlis
10571,Ac_Lesley Sharp
10572,Ac_Katrin Cartlidge
10573,Ac_Greg Cruttwell
10574,D_Mike Leigh
10575,Ac_Lake Bell
10576,Ac_Thanawut Ketsaro
10577,D_John Erick Dowdle
10578,Ac_Roberta Maxwell
10579,Ac_Buzz Kilman
10580,D_Jonathan Demme
10581,D_Philip Kaufman
10582,Ac_Nancy Allen
10583,Ac_Mario Machado
10584,Ac_Remy Ryan
10585,D_Fred Dekker
10586,Ac_Cary Elwes
10587,Ac_Roger Rees
10588,Ac_Amy Yasbeck
10589,Ac_Daniel Pollock
10590,Ac_Jacqueline McKenzie
10591,Ac_Alex Scott
10592,D_Geoffrey Wright
10593,Ac_Sean Astin
10594,Ac_Jon Favreau
10595,Ac_Ned Beatty
10596,Ac_Greta Lind
10597,D_David Anspaugh
10598,Ac_Joe Mantegna
10599,Ac_Max Pomeranc
10600,D_Steven Zaillian
10601,Ac_Kathleen Turner
10602,Ac_Sam Waterston
10603,Ac_Ricki Lake
10604,D_John Waters
10605,Ac_Bruce Davison
10606,D_Robert Altman
10607,Ac_Ross Malinger
10608,Ac_Rita Wilson
10609,D_Nora Ephron
10610,Ac_William Baldwin
10611,Ac_Tom Berenger
10612,Ac_Polly Walker
10613,Ac_Rutger Hauer
10614,Ac_Edward James Olmos
10615,D_Ridley Scott
10616,Ac_Mike Myers
10617,Ac_Nancy Travis
10618,Ac_Anthony LaPaglia
10619,Ac_Amanda Plummer
10620,D_Thomas Schlamme
10621,Ac_Dennis Farina
10622,D_Rowdy Herrington
10623,D_Directors:Annabel Jankel
10624,D_Rocky Morton
10625,Ac_Sam Elliott
10626,D_Directors:George P. Cosmatos
10627,D_Kevin Jarre
10628,Ac_Heather Matarazzo
10629,Ac_Christina Brucato
10630,Ac_Victoria Davis
10631,Ac_Christina Vidal
10632,D_Todd Solondz
10633,Ac_Federico Luppi
10634,Ac_Ron Perlman
10635,Ac_Claudio Brook
10636,Ac_Margarita Isabel
10637,D_Guillermo del Toro
10638,Ac_Macaulay Culkin
10639,Ac_Daniel Stern
10640,Ac_John Heard
10641,Ac_Whoopi Goldberg
10642,Ac_Tony Goldwyn
10643,Ac_Scott Weinger
10644,Ac_Linda Larkin
10645,Ac_Jonathan Freeman
10646,D_Directors:Ron Clements
10647,D_John Musker
10648,Ac_Mena Massoud
10649,Ac_Naomi Scott
10650,Ac_Marwan Kenzari
10651,D_Guy Ritchie
10652,Ac_Linda Hamilton
10653,Ac_Edward Furlong
10654,Ac_Robert Patrick
10655,Ac_Mary McDonnell
10656,Ac_Rodney A. Grant
10657,D_Kevin Costner
10658,Ac_Michael Keaton
10659,Ac_Kim Basinger
10660,Ac_Robert Wuhl
10661,Ac_Adriana Caselotti
10662,Ac_Harry Stockwell
10663,Ac_Lucille La Verne
10664,Ac_Roy Atwell
10665,D_Directors:William Cottrell
10666,D_David Hand
10667,D_Wilfred Jackson
10668,D_Larry Morey
10669,D_Perce Pearce
10670,D_Ben Sharpsteen
10671,Ac_Paige O'Hara
10672,Ac_Robby Benson
10673,Ac_Jesse Corti
10674,Ac_Rex Everhart
10675,D_Directors:Gary Trousdale
10676,D_Kirk Wise
10677,Ac_Dickie Jones
10678,Ac_Christian Rub
10679,Ac_Mel Blanc
10680,Ac_Billy Bletcher
10681,D_Directors:Norman Ferguson
10682,D_T. Hee
10683,D_Jack Kinney
10684,D_Hamilton Luske
10685,D_Bill Roberts
10686,Ac_Joseph Gordon-Levitt
10687,Ac_Benjamin Evan Ainsworth
10688,Ac_Angus Wright
10689,Ac_Julia Roberts
10690,Ac_Jason Alexander
10691,Ac_Laura San Giacomo
10692,D_Garry Marshall
10693,Ac_Mae Whitman
10694,Ac_Alex D. Linz
10695,D_Michael Hoffman
10696,Ac_William H. Macy
10697,Ac_Frances McDormand
10698,Ac_Peter Stormare
10699,D_Directors:Joel Coen
10700,D_Ethan Coen
10701,Ac_Richard Romanus
10702,Ac_John Candy
10703,Ac_Joe Flaherty
10704,Ac_Don Francks
10705,D_Directors:Gerald Potterton
10706,D_John Bruno
10707,D_John Halas
10708,D_Julian Harris
10709,D_Jimmy T. Murakami
10710,D_Barrie Nelson
10711,D_Paul Sabella
10712,D_Jack Stokes
10713,D_Pino Van Lamsweerde
10714,D_Harold Whitaker
10715,Ac_Mia Wasikowska
10716,Ac_Michael Fassbender
10717,Ac_Jamie Bell
10718,Ac_Su Elliot
10719,D_Cary Joji Fukunaga
10720,Ac_Edward Norton
10721,Ac_John Mahoney
10722,D_Gregory Hoblit
10723,Ac_Lou Diamond Phillips
10724,Ac_Michael Moriarty
10725,Ac_Tom Cruise
10726,Ac_Emmanuelle Béart
10727,Ac_Henry Czerny
10728,D_Rob Cohen
10729,Ac_Paul Terry
10730,Ac_Joanna Lumley
10731,D_Henry Selick
10732,Ac_Mark Wahlberg
10733,Ac_Reese Witherspoon
10734,Ac_William Petersen
10735,Ac_Amy Brenneman
10736,D_James Foley
10737,Ac_Predrag 'Miki' Manojlovic
10738,Ac_Lazar Ristovski
10739,Ac_Mirjana Jokovic
10740,Ac_Slavko Stimac
10741,D_Emir Kusturica
10742,Ac_Kanu Bannerjee
10743,Ac_Karuna Bannerjee
10744,Ac_Subir Banerjee
10745,Ac_Chunibala Devi
10746,D_Satyajit Ray
10747,Ac_Michael Jordan
10748,Ac_Wayne Knight
10749,Ac_Theresa Randle
10750,Ac_Manner Washington
10751,D_Joe Pytka
10752,Ac_Jane Fonda
10753,Ac_John Phillip Law
10754,Ac_Anita Pallenberg
10755,Ac_Milo O'Shea
10756,D_Roger Vadim
10757,Ac_Joey Lawrence
10758,Ac_Billy Joel
10759,Ac_Richard Mulligan
10760,D_George Scribner
10761,Ac_Gary Farmer
10762,Ac_Crispin Glover
10763,D_Jim Jarmusch
10764,Ac_Zack Duhame
10765,Ac_Katie Schlossberg
10766,D_Harold Ramis
10767,Ac_Helen Hunt
10768,Ac_Jami Gertz
10769,Ac_Nicollette Sheridan
10770,Ac_Charles Durning
10771,Ac_Marcia Gay Harden
10772,D_Rick Friedberg
10773,Ac_Peter Sellers
10774,Ac_George C. Scott
10775,Ac_Sterling Hayden
10776,Ac_Keenan Wynn
10777,D_Stanley Kubrick
10778,Ac_Dominique Horwitz
10779,Ac_Thomas Kretschmann
10780,Ac_Jochen Nickel
10781,Ac_Sebastian Rudolph
10782,D_Joseph Vilsmaier
10783,Ac_Burt Reynolds
10784,Ac_Ving Rhames
10785,Ac_Diane Lane
10786,Ac_Brian Kerwin
10787,D_Francis Ford Coppola
10788,Ac_Ewen Bremner
10789,Ac_Kevin McKidd
10790,Ac_Liv Tyler
10791,Ac_Carlo Cecchi
10792,Ac_Sinéad Cusack
10793,D_Bernardo Bertolucci
10794,Ac_Randy Quaid
10795,Ac_Bill Murray
10796,Ac_Vanessa Angel
10797,D_Directors:Bobby Farrelly
10798,D_Peter Farrelly
10799,Ac_Vanessa Williams
10800,Ac_James Caan
10801,Ac_James Coburn
10802,D_Chuck Russell
10803,Ac_Viggo Mortensen
10804,Ac_Dan Hedaya
10805,Ac_Chris Cooper
10806,Ac_Elizabeth Peña
10807,Ac_Stephen Mendillo
10808,Ac_Stephen J. Lang
10809,D_John Sayles
10810,Ac_Kyra Sedgwick
10811,Ac_Forest Whitaker
10812,Ac_Robert Duvall
10813,Ac_Brawley Nolte
10814,Ac_Rachel Weisz
10815,Ac_Fred Ward
10816,D_Andrew Davis
10817,Ac_Rhea Perlman
10818,Ac_Mara Wilson
10819,D_Danny DeVito
10820,Ac_Anya Taylor-Joy
10821,Ac_Johnny Flynn
10822,Ac_Mia Goth
10823,Ac_Josh O'Connor
10824,D_Autumn de Wilde
10825,Ac_Gwyneth Paltrow
10826,Ac_James Cosmo
10827,Ac_Greta Scacchi
10828,Ac_Alan Cumming
10829,D_Douglas McGrath
10830,Ac_Stacy Keach
10831,Ac_A.J. Langer
10832,Ac_Don Johnson
10833,D_Ron Shelton
10834,Ac_Joe Pantoliano
10835,Ac_John P. Ryan
10836,D_Directors:Lana Wachowski
10837,D_Lilly Wachowski
10838,Ac_John C. McGinley
10839,Ac_Jeep Swenson
10840,D_Ernest R. Dickerson
10841,Ac_Gene Kelly
10842,Ac_Donald O'Connor
10843,Ac_Debbie Reynolds
10844,Ac_Jean Hagen
10845,D_Directors:Stanley Donen
10846,D_Gene Kelly
10847,Ac_Audrey Hepburn
10848,Ac_Fred Astaire
10849,Ac_Kay Thompson
10850,Ac_Michel Auclair
10851,D_Stanley Donen
10852,Ac_George Peppard
10853,Ac_Patricia Neal
10854,Ac_Buddy Ebsen
10855,D_Blake Edwards
10856,Ac_James Stewart
10857,Ac_Kim Novak
10858,Ac_Barbara Bel Geddes
10859,Ac_Tom Helmore
10860,D_Alfred Hitchcock
10861,Ac_Grace Kelly
10862,Ac_Wendell Corey
10863,Ac_Thelma Ritter
10864,Ac_Clark Gable
10865,Ac_Claudette Colbert
10866,Ac_Walter Connolly
10867,Ac_Roscoe Karns
10868,D_Frank Capra
10869,Ac_Charles Boyer
10870,Ac_Ingrid Bergman
10871,Ac_Joseph Cotten
10872,Ac_May Whitty
10873,D_George Cukor
10874,Ac_Cary Grant
10875,Ac_Eva Marie Saint
10876,Ac_James Mason
10877,Ac_Jessie Royce Landis
10878,Ac_Marilyn Monroe
10879,Ac_Tony Curtis
10880,Ac_George Raft
10881,D_Billy Wilder
10882,Ac_Humphrey Bogart
10883,Ac_Paul Henreid
10884,Ac_Claude Rains
10885,D_Michael Curtiz
10886,Ac_Rex Harrison
10887,Ac_Stanley Holloway
10888,Ac_Wilfrid Hyde-White
10889,Ac_William Holden
10890,Ac_Walter Hampden
10891,Ac_Greg Kinnear
10892,Ac_Nancy Marchand
10893,D_Sydney Pollack
10894,Ac_Gregory Peck
10895,Ac_Eddie Albert
10896,Ac_Hartley Power
10897,D_William Wyler
10898,Ac_Vivien Leigh
10899,Ac_Thomas Mitchell
10900,Ac_Barbara O'Neil
10901,D_Directors:Victor Fleming
10902,D_Sam Wood
10903,Ac_Orson Welles
10904,Ac_Dorothy Comingore
10905,Ac_Agnes Moorehead
10906,D_Orson Welles
10907,Ac_Bette Davis
10908,Ac_Anne Baxter
10909,Ac_George Sanders
10910,Ac_Celeste Holm
10911,D_Joseph L. Mankiewicz
10912,Ac_Laurence Olivier
10913,Ac_Joan Fontaine
10914,Ac_Judith Anderson
10915,Ac_Lily James
10916,Ac_Armie Hammer
10917,Ac_Keeley Hawes
10918,D_Ben Wheatley
10919,Ac_Jamal Woolard
10920,Ac_Anthony Mackie
10921,Ac_Derek Luke
10922,Ac_Momo Dione
10923,D_George Tillman Jr.
10924,Ac_Louis Calhern
10925,Ac_Michael Chekhov
10926,Ac_Leo G. Carroll
10927,Ac_John Williams
10928,Ac_Gene Tierney
10929,Ac_Dana Andrews
10930,Ac_Clifton Webb
10931,Ac_Vincent Price
10932,D_Otto Preminger
10933,Ac_Carole Lombard
10934,Ac_Jack Benny
10935,Ac_Robert Stack
10936,Ac_Felix Bressart
10937,D_Ernst Lubitsch
10938,Ac_Elizabeth Taylor
10939,Ac_Rock Hudson
10940,Ac_James Dean
10941,Ac_Carroll Baker
10942,D_George Stevens
10943,Ac_Raymond Massey
10944,Ac_Julie Harris
10945,Ac_Burl Ives
10946,D_Elia Kazan
10947,Ac_Rosalind Russell
10948,Ac_Ralph Bellamy
10949,Ac_Gene Lockhart
10950,D_Howard Hawks
10951,Ac_Jackie Chan
10952,Ac_Steve Coogan
10953,Ac_Jim Broadbent
10954,D_Frank Coraci
10955,Ac_David Niven
10956,Ac_Cantinflas
10957,Ac_Finlay Currie
10958,Ac_Robert Morley
10959,D_Directors:Michael Anderson
10960,D_John Farrow
10961,Ac_Donna Reed
10962,Ac_Lionel Barrymore
10963,Ac_Jean Arthur
10964,Ac_Edward Arnold
10965,Ac_Katharine Hepburn
10966,Ac_Charles Ruggles
10967,Ac_Walter Catlett
10968,Ac_Paul Newman
10969,Ac_Jack Carson
10970,D_Richard Brooks
10971,Ac_Jeff Daniels
10972,Ac_Anna Paquin
10973,Ac_Dana Delany
10974,Ac_Terry Kinney
10975,D_Carroll Ballard
10976,Ac_Ian Hart
10977,D_Neil Jordan
10978,Ac_Bruce Dern
10979,Ac_William Sanderson
10980,D_Walter Hill
10981,Ac_Emilio Estevez
10982,Ac_Jeffrey Nordling
10983,Ac_David Selby
10984,Ac_Heidi Kling
10985,D_Robert Lieberman
10986,Ac_Michael J. Fox
10987,Ac_Don Alder
10988,Ac_Ed Bernard
10989,D_Duwayne Dunham
10990,Ac_Kirk Douglas
10991,Ac_Paul Lukas
10992,Ac_Peter Lorre
10993,D_Richard Fleischer
10994,Ac_Leon
10995,Ac_Doug E. Doug
10996,Ac_Rawle D. Lewis
10997,Ac_Danny Glover
10998,Ac_Brenda Fricker
10999,Ac_Tony Danza
11000,D_William Dear
11001,Ac_Ilene Woods
11002,Ac_James MacDonald
11003,Ac_Eleanor Audley
11004,Ac_Verna Felton
11005,D_Directors:Clyde Geronimi
11006,Ac_Cate Blanchett
11007,Ac_Richard Madden
11008,Ac_Helena Bonham Carter
11009,Ac_Camila Cabello
11010,Ac_Billy Porter
11011,Ac_Nicholas Galitzine
11012,Ac_Idina Menzel
11013,D_Kay Cannon
11014,Ac_Mary Elizabeth Mastrantonio
11015,Ac_Julie Andrews
11016,Ac_Dick Van Dyke
11017,Ac_David Tomlinson
11018,Ac_Glynis Johns
11019,D_Robert Stevenson
11020,Ac_Sterling Holloway
11021,Ac_Edward Brophy
11022,Ac_Herman Bing
11023,D_Directors:Samuel Armstrong
11024,D_Norman Ferguson
11025,D_John Elliotte
11026,Ac_Bryce Dallas Howard
11027,Ac_Robert Redford
11028,Ac_Oakes Fegley
11029,Ac_Oona Laurence
11030,D_David Lowery
11031,Ac_Angela Lansbury
11032,Ac_Roddy McDowall
11033,Ac_Sam Jaffe
11034,D_Directors:Robert Stevenson
11035,D_Ward Kimball
11036,Ac_Kathryn Beaumont
11037,Ac_Ed Wynn
11038,Ac_Richard Haydn
11039,Ac_Anne Hathaway
11040,Ac_Kiefer Sutherland
11041,Ac_Bokeem Woodbine
11042,Ac_Paul Perri
11043,D_Matthew Bright
11044,Ac_Alan Rickman
11045,Ac_Bonnie Bedelia
11046,Ac_Reginald VelJohnson
11047,Ac_Timothy Spall
11048,Ac_Brenda Blethyn
11049,Ac_Phyllis Logan
11050,Ac_Claire Rushbrook
11051,Ac_Charlize Theron
11052,Ac_Tom Everett Scott
11053,D_Tom Hanks
11054,Ac_Goldie Hawn
11055,Ac_Vince Vaughn
11056,Ac_Heather Graham
11057,Ac_Ron Livingston
11058,Ac_Jason Patric
11059,Ac_Stanley Tucci
11060,D_Peter Chelsom
11061,Ac_John Beck
11062,Ac_Mary Gregory
11063,Ac_Louise Lasser
11064,Ac_Carlos Montalbán
11065,Ac_Nati Abascal
11066,Ac_Warren Beatty
11067,Ac_Michael J. Pollard
11068,D_Arthur Penn
11069,Ac_Ray Milland
11070,Ac_Robert Cummings
11071,Ac_Jennifer Grey
11072,Ac_Jerry Orbach
11073,Ac_Cynthia Rhodes
11074,D_Emile Ardolino
11075,Ac_Chris Penn
11076,Ac_Keith David
11077,Ac_Andrew McCarthy
11078,Ac_Jonathan Silverman
11079,Ac_Catherine Mary Stewart
11080,Ac_Terry Kiser
11081,D_Ted Kotcheff
11082,Ac_Alan Arkin
11083,Ac_Meryl Streep
11084,Ac_Rita Karin
11085,D_Alan J. Pakula
11086,Ac_Kelly McGillis
11087,Ac_Natalie Wood
11088,Ac_Sal Mineo
11089,Ac_Jim Backus
11090,D_Nicholas Ray
11091,Ac_Henry Fonda
11092,Ac_Doug McKeon
11093,D_Mark Rydell
11094,Ac_Phoebe Cates
11095,Ac_Rik Mayall
11096,Ac_Marsha Mason
11097,D_Ate de Jong
11098,Ac_Lee Van Cleef
11099,Ac_Ernest Borgnine
11100,Ac_Donald Pleasence
11101,Ac_Yves Montand
11102,Ac_Gérard Depardieu
11103,Ac_Daniel Auteuil
11104,Ac_Elisabeth Depardieu
11105,D_Claude Berri
11106,Ac_Eileen Brennan
11107,Ac_Robert Webber
11108,D_Howard Zieff
11109,Ac_Graham Chapman
11110,Ac_John Cleese
11111,Ac_Terry Gilliam
11112,D_Directors:Terry Gilliam
11113,D_Terry Jones
11114,Ac_Kathryn Harrold
11115,Ac_Sam Wanamaker
11116,Ac_Paul Shenar
11117,D_John Irvin
11118,Ac_Marie-Laure Dougnac
11119,Ac_Dominique Pinon
11120,Ac_Pascal Benezech
11121,Ac_Jean-Claude Dreyfus
11122,D_Directors:Marc Caro
11123,D_Jean-Pierre Jeunet
11124,Ac_Ralph Meeker
11125,Ac_Adolphe Menjou
11126,Ac_George Macready
11127,D_Steven Soderbergh
11128,Ac_Paul Mercurio
11129,Ac_Tara Morice
11130,Ac_Pat Thomson
11131,D_Baz Luhrmann
11132,Ac_Louise Fletcher
11133,Ac_Michael Berryman
11134,Ac_Peter Brocco
11135,D_Milos Forman
11136,Ac_Tommy Chong
11137,Ac_Strother Martin
11138,Ac_Edie Adams
11139,D_Directors:Lou Adler
11140,D_Tommy Chong
11141,Ac_Karen Allen
11142,Ac_Paul Freeman
11143,Ac_John Rhys-Davies
11144,Ac_Jonathan Pryce
11145,Ac_Kim Greist
11146,Ac_Katherine Helmond
11147,Ac_Michael Biehn
11148,Ac_Carrie Henn
11149,Ac_Paul Reiser
11150,Ac_Lee J. Cobb
11151,Ac_Martin Balsam
11152,Ac_John Fiedler
11153,D_Sidney Lumet
11154,Ac_Peter O'Toole
11155,Ac_Alec Guinness
11156,Ac_Anthony Quinn
11157,Ac_Jack Hawkins
11158,D_David Lean
11159,Ac_John Megna
11160,Ac_Frank Overton
11161,Ac_Rosemary Murphy
11162,D_Robert Mulligan
11163,Ac_Martin Sheen
11164,Ac_Frederic Forrest
11165,Ac_Charles Bronson
11166,Ac_Claudia Cardinale
11167,Ac_Jason Robards
11168,D_Sergio Leone
11169,Ac_Mark Hamill
11170,Ac_Carrie Fisher
11171,Ac_Billy Dee Williams
11172,D_Richard Marquand
11173,Ac_Ray Liotta
11174,Ac_Lorraine Bracco
11175,Ac_Bruce Campbell
11176,Ac_Marcus Gilbert
11177,Ac_Ian Abercrombie
11178,D_Sam Raimi
11179,Ac_Tatsuya Nakadai
11180,Ac_Akira Terao
11181,Ac_Jinpachi Nezu
11182,Ac_Daisuke Ryû
11183,D_Akira Kurosawa
11184,Ac_R. Lee Ermey
11185,Ac_Vincent D'Onofrio
11186,Ac_Adam Baldwin
11187,Ac_Derek Jacobi
11188,Ac_Simon Shepherd
11189,Ac_James Larkin
11190,Ac_Tom Hulce
11191,Ac_Elizabeth Berridge
11192,Ac_Roy Dotrice
11193,Ac_Elizabeth McGovern
11194,Ac_Treat Williams
11195,Ac_Frank Vincent
11196,Ac_Tony Roberts
11197,Ac_Carol Kane
11198,Ac_Alisa Freyndlikh
11199,Ac_Aleksandr Kaydanovskiy
11200,Ac_Anatoliy Solonitsyn
11201,Ac_Nikolay Grinko
11202,D_Andrei Tarkovsky
11203,Ac_Ruth Gordon
11204,Ac_Bud Cort
11205,Ac_Vivian Pickles
11206,Ac_Cyril Cusack
11207,D_Hal Ashby
11208,Ac_Clive Owen
11209,Ac_Catherine Keener
11210,Ac_Liana Liberato
11211,Ac_Jason Clarke
11212,D_David Schwimmer
11213,Ac_Timothy Balme
11214,Ac_Diana Peñalver
11215,Ac_Elizabeth Moody
11216,Ac_Ian Watkin
11217,Ac_Matthew Broderick
11218,Ac_Mariel Hemingway
11219,Ac_Michael Murphy
11220,Ac_Gabriel Byrne
11221,Ac_Albert Finney
11222,Ac_Robert Sean Leonard
11223,Ac_Josh Charles
11224,D_Peter Weir
11225,Ac_Charlton Heston
11226,Ac_Janet Leigh
11227,Ac_Joseph Calleia
11228,Ac_John Huston
11229,Ac_Perry Lopez
11230,Ac_Terry Potter
11231,Ac_Pete O'Herne
11232,Ac_Craig Smith
11233,Ac_Mike Minett
11234,Ac_Groucho Marx
11235,Ac_Harpo Marx
11236,Ac_Chico Marx
11237,Ac_Zeppo Marx
11238,D_Leo McCarey
11239,Ac_David Ogden Stiers
11240,Ac_Kim Darby
11241,Ac_Demian Slade
11242,D_Savage Steve Holland
11243,Ac_Wil Wheaton
11244,Ac_River Phoenix
11245,Ac_Corey Feldman
11246,Ac_Jerry O'Connell
11247,D_Rob Reiner
11248,Ac_Chris Elliott
11249,Ac_Stephen Tobolowsky
11250,Ac_Richard Harris
11251,D_Clint Eastwood
11252,Ac_Anthony Lucero
11253,Ac_Andy Romano
11254,D_Allan Moyle
11255,Ac_Priscilla Lane
11256,Ac_Lea Thompson
11257,Ac_Jessica Tandy
11258,Ac_Mary Stuart Masterson
11259,Ac_Mary-Louise Parker
11260,D_Jon Avnet
11261,Ac_Karl Malden
11262,Ac_Stephen Young
11263,Ac_Michael Strong
11264,D_Franklin J. Schaffner
11265,Ac_Tom Waits
11266,Ac_John Lurie
11267,Ac_Roberto Benigni
11268,Ac_Nicoletta Braschi
11269,Ac_Mitsuo Iwata
11270,Ac_Nozomu Sasaki
11271,Ac_Mami Koyama
11272,Ac_Tesshô Genda
11273,D_Katsuhiro Ôtomo
11274,Ac_Clancy Brown
11275,Ac_Roxanne Hart
11276,D_Russell Mulcahy
11277,Ac_J.D. Cannon
11278,D_Stuart Rosenberg
11279,Ac_Gene Wilder
11280,Ac_Madeline Kahn
11281,Ac_Marty Feldman
11282,Ac_Gena Rowlands
11283,Ac_Lisanne Falk
11284,Ac_Alan Randolph Scott
11285,Ac_Leopold Stokowski
11286,Ac_Deems Taylor
11287,Ac_The Philadelphia Orchestra
11288,Ac_Corey Burton
11289,D_Directors:James Algar
11290,D_Samuel Armstrong
11291,D_Ford Beebe Jr.
11292,D_Jim Handley
11293,D_Paul Satterfield
11294,Ac_Gary Cooper
11295,D_Fred Zinnemann
11296,Ac_Christopher Reeve
11297,Ac_Jane Seymour
11298,Ac_Teresa Wright
11299,D_Jeannot Szwarc
11300,Ac_Jack Huston
11301,Ac_Toby Kebbell
11302,Ac_Rodrigo Santoro
11303,Ac_Nazanin Boniadi
11304,D_Timur Bekmambetov
11305,Ac_Stephen Boyd
11306,Ac_Haya Harareet
11307,Ac_Rob Reiner
11308,Ac_Michael McKean
11309,Ac_Christopher Guest
11310,Ac_Kimberly Stringer
11311,Ac_Eric Stoltz
11312,Ac_Craig Sheffer
11313,Ac_Alison Doody
11314,Ac_Denholm Elliott
11315,Ac_Shirley MacLaine
11316,Ac_Melvyn Douglas
11317,Ac_Jack Warden
11318,Ac_John Gielgud
11319,Ac_Rohini Hattangadi
11320,Ac_Roshan Seth
11321,D_Richard Attenborough
11322,Ac_Elliott Gould
11323,Ac_Tom Skerritt
11324,Ac_Sally Kellerman
11325,Ac_Stacy Peralta
11326,Ac_Daniel Ades
11327,Ac_Andres Aybar
11328,D_Martha Coolidge
11329,Ac_Bob Geldof
11330,Ac_Christine Hargreaves
11331,Ac_James Laurenson
11332,Ac_Eleanor David
11333,D_Alan Parker
11334,Ac_James Earl Jones
11335,Ac_Amy Madigan
11336,D_Phil Alden Robinson
11337,Ac_Katharine Ross
11338,D_George Roy Hill
11339,Ac_Harry Dean Stanton
11340,Ac_Nastassja Kinski
11341,Ac_Dean Stockwell
11342,Ac_Sam Berry
11343,D_Wim Wenders
11344,Ac_Billy Crystal
11345,Ac_Bruno Kirby
11346,Ac_Sasha Luss
11347,Ac_Helen Mirren
11348,Ac_Luke Evans
11349,Ac_Cillian Murphy
11350,D_Luc Besson
11351,Ac_Paul McGann
11352,D_David Fincher
11353,Ac_Boris Karloff
11354,Ac_Elsa Lanchester
11355,Ac_Colin Clive
11356,Ac_Valerie Hobson
11357,D_James Whale
11358,Ac_Nick Nolte
11359,Ac_Robert Mitchum
11360,Ac_Polly Bergen
11361,Ac_Lori Martin
11362,D_J. Lee Thompson
11363,Ac_Sissy Spacek
11364,Ac_Piper Laurie
11365,Ac_Amy Irving
11366,Ac_Chloë Grace Moretz
11367,Ac_Gabriella Wilde
11368,Ac_Portia Doubleday
11369,D_Kimberly Peirce
11370,Ac_Emily Watson
11371,Ac_Stellan Skarsgård
11372,Ac_Jean-Marc Barr
11373,D_Lars von Trier
11374,Ac_Brent Spiner
11375,Ac_LeVar Burton
11376,D_Jonathan Frakes
11377,Ac_Geoffrey Rush
11378,Ac_Armin Mueller-Stahl
11379,Ac_Justin Braine
11380,Ac_Sonia Todd
11381,D_Scott Hicks
11382,Ac_Billy Bob Thornton
11383,Ac_Dwight Yoakam
11384,Ac_J.T. Walsh
11385,Ac_John Ritter
11386,D_Billy Bob Thornton
11387,Ac_Sinbad
11388,Ac_Phil Hartman
11389,D_Brian Levant
11390,Ac_Leonard Nimoy
11391,Ac_DeForest Kelley
11392,Ac_James Doohan
11393,D_Nicholas Meyer
11394,D_William Shatner
11395,D_Leonard Nimoy
11396,D_Christopher Cain
11397,Ac_Olivia Newton-John
11398,Ac_Jeff Conaway
11399,D_Randal Kleiser
11400,Ac_Maxwell Caulfield
11401,Ac_Lorna Luft
11402,Ac_Maureen Teefy
11403,D_Patricia Birch
11404,Ac_Gary Busey
11405,Ac_Erika Eleniak
11406,Ac_Annette Bening
11407,Ac_Cuba Gooding Jr.
11408,Ac_Renée Zellweger
11409,Ac_Kelly Preston
11410,D_Cameron Crowe
11411,Ac_Trey Wilson
11412,Ac_John Goodman
11413,Ac_Sidney Poitier
11414,Ac_Jo Marr
11415,D_Jerry Zaks
11416,Ac_Mike Judge
11417,Ac_Cloris Leachman
11418,D_Directors:Mike Judge
11419,D_Mike de Seve
11420,D_Brian Mulroney
11421,D_Yvette Kaplan
11422,Ac_Neve Campbell
11423,Ac_David Arquette
11424,Ac_Skeet Ulrich
11425,Ac_Melissa Barrera
11426,D_Directors:Matt Bettinelli-Olpin
11427,D_Tyler Gillett
11428,Ac_Jennifer Lawrence
11429,Ac_Javier Bardem
11430,D_Darren Aronofsky
11431,Ac_Madonna
11432,Ac_Jimmy Nail
11433,Ac_Jenny Agutter
11434,Ac_David Gulpilil
11435,Ac_Luc Roeg
11436,Ac_John Meillon
11437,D_Nicolas Roeg
11438,Ac_Daniel Benzali
11439,Ac_Dennis Miller
11440,D_Dwight H. Little
11441,Ac_Scott Speedman
11442,Ac_Shane Brolly
11443,Ac_Michael Sheen
11444,D_Len Wiseman
11445,Ac_Nathaniel Parker
11446,Ac_Michael Rapaport
11447,Ac_Kim Miyori
11448,Ac_Art Evans
11449,D_Thomas Carter
11450,Ac_Jamie Renée Smith
11451,Ac_Jeremy Foley
11452,D_Jeremiah S. Chechik
11453,Ac_Fred Willard
11454,Ac_Catherine O'Hara
11455,Ac_Parker Posey
11456,D_Christopher Guest
11457,Ac_Matthew Perry
11458,Ac_Carlos Gómez
11459,D_Andy Tennant
11460,Ac_Chevy Chase
11461,Ac_Beverly D'Angelo
11462,Ac_Ethan Embry
11463,D_Stephen Kessler
11464,Ac_John Roselius
11465,Ac_Louis Eppolito
11466,D_David Lynch
11467,Ac_Howard Stern
11468,Ac_Mary McCormack
11469,Ac_Robin Quivers
11470,Ac_Fred Norris
11471,D_Betty Thomas
11472,Ac_Don Cheadle
11473,Ac_Thandiwe Newton
11474,Ac_Karina Arroyave
11475,D_Paul Haggis
11476,Ac_Elias Koteas
11477,Ac_Deborah Kara Unger
11478,D_David Cronenberg
11479,Ac_Maura Tierney
11480,Ac_Amanda Donohoe
11481,Ac_Jon Seda
11482,Ac_Jackie Guerra
11483,D_Gregory Nava
11484,Ac_Keira Knightley
11485,Ac_Jude Law
11486,Ac_Aaron Taylor-Johnson
11487,Ac_Matthew Macfadyen
11488,D_Joe Wright
11489,Ac_Dennis Rodman
11490,Ac_Mickey Rourke
11491,D_Hark Tsui
11492,Ac_Minnie Driver
11493,D_George Armitage
11494,Ac_Lisa Kudrow
11495,D_David Mirkin
11496,Ac_Anne Heche
11497,Ac_Gaby Hoffmann
11498,D_Mick Jackson
11499,Ac_Elizabeth Hurley
11500,Ac_Michael York
11501,Ac_Mimi Rogers
11502,D_Jay Roach
11503,Ac_Kathleen Quinlan
11504,Ac_M.C. Gainey
11505,D_Jonathan Mostow
11506,Ac_Colm Meaney
11507,D_Simon West
11508,Ac_Dwayne Johnson
11509,Ac_Ian McShane
11510,Ac_Joseph Fiennes
11511,D_Brett Ratner
11512,Ac_Tate Donovan
11513,Ac_Susan Egan
11514,Ac_Barbara Barrie
11515,Ac_Cameron Diaz
11516,Ac_Rupert Everett
11517,Ac_Alessandro Nivola
11518,Ac_Linda Fiorentino
11519,Ac_Anne Bancroft
11520,Ac_Jason Beghe
11521,Ac_Max von Sydow
11522,Ac_Sandahl Bergman
11523,D_John Milius
11524,Ac_Leslie Mann
11525,Ac_Thomas Haden Church
11526,Ac_Richard Roundtree
11527,D_Sam Weisman
11528,D_James Mangold
11529,Ac_Michael Jai White
11530,D_Mark A.Z. Dippé
11531,Ac_Cylk Cozart
11532,Ac_Heather Locklear
11533,Ac_Elise Neal
11534,Ac_Glenn Close
11535,Ac_Wendy Crewson
11536,Ac_James Russo
11537,Ac_William Richert
11538,Ac_Tom Selleck
11539,D_Frank Oz
11540,Ac_Guy Pearce
11541,D_Curtis Hanson
11542,Ac_BD Wong
11543,Ac_Mako
11544,D_Jean-Jacques Annaud
11545,Ac_Ashley Judd
11546,Ac_Alex McArthur
11547,Ac_Ben Affleck
11548,Ac_Joey Lauren Adams
11549,Ac_Ethan Suplee
11550,Ac_Scott Mosier
11551,Ac_Jennifer Love Hewitt
11552,Ac_Sarah Michelle Gellar
11553,Ac_Ryan Phillippe
11554,D_Jim Gillespie
11555,Ac_Gore Vidal
11556,D_Andrew Niccol
11557,Ac_Harold Ramis
11558,Ac_Warren Oates
11559,Ac_Rowan Atkinson
11560,Ac_John Mills
11561,Ac_Pamela Reed
11562,D_Mel Smith
11563,Ac_Luis Guzmán
11564,D_Paul Thomas Anderson
11565,Ac_Lukas Haas
11566,Ac_Josef Sommer
11567,Ac_Casper Van Dien
11568,Ac_Denise Richards
11569,Ac_Jake Busey
11570,Ac_John Hannah
11571,Ac_John Lynch
11572,D_Peter Howitt
11573,Ac_Kelsey Grammer
11574,D_Directors:Don Bluth
11575,D_Gary Goldman
11576,Ac_Djimon Hounsou
11577,Ac_Judy Davis
11578,Ac_Julia Louis-Dreyfus
11579,Ac_Stephanie Roth Haberle
11580,Ac_Ted Levine
11581,D_Les Mayfield
11582,Ac_Matt Damon
11583,Ac_Olek Krupa
11584,Ac_Rya Kihlstedt
11585,Ac_Lenny von Dohlen
11586,D_Raja Gosnell
11587,Ac_Jack Thompson
11588,Ac_Irma P. Hall
11589,Ac_Nathan Lane
11590,Ac_Lee Evans
11591,Ac_Vicki Lewis
11592,D_Gore Verbinski
11593,Ac_Jada Pinkett Smith
11594,Ac_Michelle Yeoh
11595,Ac_Teri Hatcher
11596,D_Roger Spottiswoode
11597,Ac_Pam Grier
11598,Ac_Robert Forster
11599,Ac_Tenzin Thuthob Tsarong
11600,Ac_Gyurme Tethong
11601,Ac_Tulku Jamyang Kunga Tenzin
11602,Ac_Tenzin Yeshi Paichang
11603,Ac_Hank Azaria
11604,D_Alfonso Cuarón
11605,Ac_Rufus Sewell
11606,Ac_Jennifer Connelly
11607,D_Alex Proyas
11608,D_Mikael Salomon
11609,Ac_Dave Chappelle
11610,Ac_Guillermo Diaz
11611,Ac_Jim Breuer
11612,Ac_Harland Williams
11613,Ac_Mel B
11614,Ac_Emma Bunton
11615,Ac_Melanie C
11616,Ac_Geri Horner
11617,D_Bob Spiers
11618,Ac_Anthony Heald
11619,Ac_Kevin J. O'Connor
11620,D_Stephen Sommers
11621,Ac_Walter Levine
11622,Ac_Tom Davis
11623,D_James L. Brooks
11624,Ac_David Caruso
11625,Ac_Victor Argo
11626,D_Abel Ferrara
11627,Ac_Kristen Stewart
11628,Ac_Robert Pattinson
11629,Ac_Billy Burke
11630,Ac_Sarah Clarke
11631,D_Catherine Hardwicke
11632,Ac_Ang Phula Sherpa
11633,Ac_Thomas M. Wright
11634,Ac_Martin Henderson
11635,D_Baltasar Kormákur
11636,Ac_Denis Leary
11637,Ac_Mark Watson
11638,D_Peter O'Fallon
11639,D_John McNaughton
11640,Ac_Takeshi Kitano
11641,Ac_Kayoko Kishimoto
11642,Ac_Ren Ôsugi
11643,Ac_Susumu Terajima
11644,D_Takeshi Kitano
11645,Ac_Larry Hagman
11646,Ac_Chi McBride
11647,Ac_Andre Braugher
11648,Ac_Dennis Franz
11649,Ac_Milla Jovovich
11650,Ac_Ray Allen
11651,Ac_Rosario Dawson
11652,D_Spike Lee
11653,Ac_Téa Leoni
11654,Ac_Elijah Wood
11655,D_Mimi Leder
11656,Ac_Elizabeth Olsen
11657,Ac_Bryan Cranston
11658,Ac_Ken Watanabe
11659,D_Gareth Edwards
11660,Ac_Maria Pitillo
11661,Ac_Kimberly Deauna Adams
11662,Ac_Vinny Argiro
11663,D_Warren Beatty
11664,Ac_Benicio Del Toro
11665,Ac_Tobey Maguire
11666,Ac_Michael Lee Gogin
11667,Ac_Harry Connick Jr.
11668,D_Forest Whitaker
11669,Ac_Hilary Swank
11670,Ac_Martin Donovan
11671,D_Christopher Nolan
11672,Ac_David Schwimmer
11673,Ac_Jacqueline Obradors
11674,Ac_Charlie Korsmo
11675,Ac_Lauren Ambrose
11676,D_Directors:Harry Elfont
11677,D_Deborah Kaplan
11678,Ac_Liu Yifei
11679,Ac_Donnie Yen
11680,Ac_Gong Li
11681,Ac_Jet Li
11682,D_Niki Caro
11683,Ac_Miguel Ferrer
11684,D_Directors:Tony Bancroft
11685,D_Barry Cook
11686,Ac_Rachel Roberts
11687,Ac_Anne-Louise Lambert
11688,Ac_Vivean Gray
11689,Ac_Helen Morse
11690,Ac_Vincent Gallo
11691,Ac_Ben Gazzara
11692,D_Vincent Gallo
11693,Ac_Gregory Smith
11694,Ac_David Cross
11695,Ac_Jay Mohr
11696,D_Joe Dante
11697,Ac_Sean Gullette
11698,Ac_Mark Margolis
11699,Ac_Ben Shenkman
11700,Ac_Pamela Hart
11701,Ac_Lew Ayres
11702,Ac_Louis Wolheim
11703,Ac_John Wray
11704,Ac_Arnold Lucy
11705,D_Lewis Milestone
11706,Ac_Burt Lancaster
11707,Ac_Montgomery Clift
11708,Ac_Deborah Kerr
11709,Ac_Rod Steiger
11710,Ac_George Chakiris
11711,Ac_Richard Beymer
11712,Ac_Russ Tamblyn
11713,D_Directors:Jerome Robbins
11714,D_Robert Wise
11715,Ac_Ansel Elgort
11716,Ac_Rachel Zegler
11717,Ac_Ariana DeBose
11718,Ac_David Alvarez
11719,Ac_Lee Grant
11720,D_Norman Jewison
11721,Ac_Mark Lester
11722,Ac_Ron Moody
11723,Ac_Shani Wallis
11724,Ac_Oliver Reed
11725,D_Carol Reed
11726,Ac_Sylvia Miles
11727,Ac_John McGiver
11728,D_John Schlesinger
11729,Ac_Talia Shire
11730,Ac_Burt Young
11731,Ac_Carl Weathers
11732,D_John G. Avildsen
11733,Ac_Jane Alexander
11734,Ac_Justin Henry
11735,D_Robert Benton
11736,Ac_Mary Tyler Moore
11737,Ac_Judd Hirsch
11738,Ac_Ian Charleson
11739,Ac_Nicholas Farrell
11740,Ac_Nigel Havers
11741,D_Hugh Hudson
11742,Ac_Debra Winger
11743,Ac_Klaus Maria Brandauer
11744,Ac_Michael Kitchen
11745,Ac_Gerald R. Molen
11746,Ac_Patti LuPone
11747,D_Bruce Beresford
11748,Ac_Janet Margolin
11749,Ac_Marcel Hillaire
11750,Ac_Jacquelyn Hyde
11751,Ac_Charles Cioffi
11752,Ac_Roy Scheider
11753,Ac_Tracey Walter
11754,Ac_Olivia Barash
11755,D_Alex Cox
11756,Ac_Betsy Palmer
11757,Ac_Adrienne King
11758,Ac_Jeannine Taylor
11759,Ac_Robbi Morgan
11760,D_Sean S. Cunningham
11761,Ac_Jared Padalecki
11762,Ac_Amanda Righetti
11763,Ac_Derek Mears
11764,Ac_Danielle Panabaker
11765,D_Marcus Nispel
11766,Ac_Amy Steel
11767,Ac_John Furey
11768,D_Steve Miner
11769,Ac_Judy Greer
11770,Ac_Andi Matichak
11771,Ac_James Jude Courtney
11772,D_David Gordon Green
11773,Ac_Tom Atkins
11774,Ac_Stacey Nelkin
11775,Ac_Dan O'Herlihy
11776,Ac_Michael Currie
11777,D_Tommy Lee Wallace
11778,Ac_Ben Daon
11779,Ac_Zahra Anderson
11780,Ac_Serge Jaswal
11781,D_Lars Klevberg
11782,Ac_Mitchell Ryan
11783,Ac_Patsy Kensit
11784,Ac_Zach Galligan
11785,Ac_Hoyt Axton
11786,Ac_John Louie
11787,Ac_Howie Mandel
11788,Ac_Tony Randall
11789,D_Directors:Joe Dante
11790,Ac_Edward G. Robinson
11791,Ac_Leigh Taylor-Young
11792,Ac_Chuck Connors
11793,Ac_Brigitte Helm
11794,Ac_Alfred Abel
11795,Ac_Gustav Fröhlich
11796,Ac_Rudolf Klein-Rogge
11797,D_Fritz Lang
11798,Ac_Tom Wilson
11799,Ac_Lindsay Lohan
11800,Ac_Mark Harmon
11801,Ac_Harold Gould
11802,D_Mark Waters
11803,Ac_Hardie Albright
11804,Ac_Stan Alexander
11805,Ac_Bobette Audrey
11806,Ac_Peter Behn
11807,D_Graham Heid
11808,D_Norman Wright
11809,D_Arthur Davis
11810,D_Clyde Geronimi
11811,Ac_Swoosie Kurtz
11812,D_Stephen Frears
11813,Ac_Virginia Madsen
11814,Ac_Francesca Annis
11815,Ac_Leonardo Cimino
11816,Ac_Edward Burns
11817,Ac_Kathryn Erbe
11818,Ac_Michael Tucker
11819,Ac_Jan Rubes
11820,Ac_Joey Cramer
11821,Ac_Paul Reubens
11822,Ac_Cliff De Young
11823,Ac_Veronica Cartwright
11824,Ac_Bette Midler
11825,Ac_Kathy Najimy
11826,Ac_Omri Katz
11827,D_Kenny Ortega
11828,Ac_Rick Moranis
11829,Ac_Marcia Strassman
11830,Ac_Robert Oliveri
11831,Ac_Daniel Shalikar
11832,Ac_Matt Frewer
11833,Ac_Kristine Sutherland
11834,Ac_Trey Parker
11835,Ac_Matt Stone
11836,Ac_Dian Bachar
11837,Ac_Yasmine Bleeth
11838,D_David Zucker
11839,Ac_Jane Greer
11840,Ac_Rhonda Fleming
11841,D_Jacques Tourneur
11842,Ac_Omar Sharif
11843,Ac_Julie Christie
11844,Ac_Geraldine Chaplin
11845,Ac_Isabella Rossellini
11846,Ac_Barbara Luddy
11847,Ac_Larry Roberts
11848,Ac_Peggy Lee
11849,Ac_Bill Thompson
11850,D_Jack Cutting
11851,Ac_Joely Richardson
11852,Ac_Joan Plowright
11853,Ac_Bobby Driscoll
11854,Ac_Hans Conried
11855,Ac_Shelley Duvall
11856,Ac_Ray Walston
11857,Ac_Paul Dooley
11858,Ac_Fairuza Balk
11859,Ac_Nicol Williamson
11860,Ac_Jean Marsh
11861,D_Walter Murch
11862,Ac_Mary Costa
11863,Ac_Bill Shirley
11864,D_Directors:Les Clark
11865,D_Eric Larson
11866,D_Wolfgang Reitherman
11867,Ac_Emily Browning
11868,Ac_Rachael Blake
11869,Ac_Ewen Leslie
11870,Ac_Bridgette Barrett
11871,D_Julia Leigh
11872,Ac_Daryl Hannah
11873,Ac_Eugene Levy
11874,Ac_Garrett Hedlund
11875,Ac_Olivia Wilde
11876,Ac_Bruce Boxleitner
11877,D_Joseph Kosinski
11878,Ac_Cindy Morgan
11879,D_Steven Lisberger
11880,Ac_Victoria Tennant
11881,Ac_Ke Huy Quan
11882,Ac_Amrish Puri
11883,Ac_Richard Burton
11884,Ac_Suzanna Hamilton
11885,D_Michael Radford
11886,Ac_Pat Hingle
11887,Ac_Laura Harrington
11888,Ac_Yeardley Smith
11889,D_Stephen King
11890,D_Fraser C. Heston
11891,Ac_Dom DeLuise
11892,Ac_Loni Anderson
11893,Ac_Judith Barsi
11894,D_Dan Kuenster
11895,Ac_Carla Gugino
11896,Ac_George Segal
11897,Ac_Sandy Dennis
11898,Ac_Maia Brewton
11899,Ac_Keith Coogan
11900,Ac_Anthony Rapp
11901,Ac_Anthony Michael Hall
11902,Ac_Ilan Mitchell-Smith
11903,Ac_Kelly LeBrock
11904,D_John Hughes
11905,Ac_Ossie Davis
11906,Ac_Dakota Fanning
11907,Ac_Oprah Winfrey
11908,D_Gary Winick
11909,Ac_Richard Briers
11910,Ac_Ralph Richardson
11911,Ac_Michael Graham Cox
11912,D_Directors:Martin Rosen
11913,D_John Hubley
11914,Ac_Tom Hardy
11915,Ac_Taron Egerton
11916,Ac_Paul Anderson
11917,D_Brian Helgeland
11918,Ac_Molly Ringwald
11919,Ac_Michael Schoeffling
11920,Ac_Jon Cryer
11921,Ac_Annie Potts
11922,Ac_Rob Lowe
11923,Ac_William Katt
11924,Ac_Kay Lenz
11925,Ac_George Wendt
11926,Ac_Richard Moll
11927,Ac_Tracy Arnold
11928,Ac_Tom Towles
11929,Ac_Mary Demas
11930,Ac_Mia Farrow
11931,Ac_John Cassavetes
11932,Ac_Sidney Blackmer
11933,Ac_Stephen Dorff
11934,Ac_Kris Kristofferson
11935,Ac_N'Bushe Wright
11936,D_Stephen Norrington
11937,Ac_Melinda McGraw
11938,D_Pat Proft
11939,Ac_Paula Patton
11940,Ac_Jim Caviezel
11941,Ac_John Dall
11942,Ac_Farley Granger
11943,Ac_Dick Hogan
11944,Ac_Lila Kedrova
11945,Ac_Hansjörg Felmy
11946,Ac_Tippi Hedren
11947,Ac_Martin Gabel
11948,Ac_Louise Latham
11949,Ac_Robert Walker
11950,Ac_Ruth Roman
11951,D_Mark Christopher
11952,Ac_Joanne Whalley
11953,Ac_Warwick Davis
11954,Ac_Norm MacDonald
11955,Ac_Artie Lange
11956,Ac_Traylor Howard
11957,D_Bob Saget
11958,Ac_Tallulah Bankhead
11959,Ac_John Hodiak
11960,Ac_Walter Slezak
11961,Ac_William Bendix
11962,Ac_Adam Brody
11963,Ac_Cedric Hardwicke
11964,Ac_Nigel Bruce
11965,Ac_Sam Worthington
11966,Ac_Terrence Howard
11967,Ac_Olivia Williams
11968,D_David Ayer
11969,Ac_Gretchen Mol
11970,D_John Dahl
11971,Ac_Nicole de Boer
11972,Ac_Maurice Dean Wint
11973,Ac_David Hewlett
11974,Ac_Andrew Miller
11975,D_Vincenzo Natali
11976,Ac_Melanie Griffith
11977,Ac_Ione Skye
11978,Ac_Lili Taylor
11979,Ac_Michael Gambon
11980,D_Dan Aykroyd
11981,Ac_Seymour Cassel
11982,D_Adrian Lyne
11983,Ac_Ken Leung
11984,Ac_Natascha McElhone
11985,D_John Frankenheimer
11986,Ac_Jared Leto
11987,Ac_Alicia Witt
11988,Ac_Rebecca Gayheart
11989,Ac_Michael Rosenbaum
11990,D_Jamie Blanks
11991,D_Directors:Eric Darnell
11992,D_Tim Johnson
11993,Ac_Annabella Sciorra
11994,D_Vincent Ward
11995,Ac_Gregory Hines
11996,Ac_Marisa Tomei
11997,Ac_Ralph Macchio
11998,Ac_Mitchell Whitfield
11999,D_Jonathan Lynn
12000,Ac_Keith Carradine
12001,Ac_Karen Black
12002,Ac_Ronee Blakley
12003,Ac_Brad Dourif
12004,Ac_Nick Stabile
12005,D_Ronny Yu
12006,D_Griffin Dunne
12007,Ac_Jane Adams
12008,Ac_Jon Lovitz
12009,Ac_Philip Seymour Hoffman
12010,Ac_Dylan Baker
12011,Ac_Ian McKellen
12012,Ac_Brad Renfro
12013,Ac_Joshua Jackson
12014,Ac_Mickey Cottrell
12015,D_Bryan Singer
12016,D_Gary Ross
12017,Ac_Jason Scott Lee
12018,Ac_Jason Isaacs
12019,Ac_Connie Nielsen
12020,Ac_Robyn Lynne Raab
12021,Ac_Michael Dean Jacobs
12022,D_Trey Parker
12023,Ac_Daniel Baldwin
12024,Ac_Sheryl Lee
12025,Ac_Thomas Ian Griffith
12026,Ac_Jennifer Lien
12027,D_Tony Kaye
12028,Ac_Lynn Redgrave
12029,Ac_Lolita Davidovich
12030,D_Bill Condon
12031,Ac_Liz Giles
12032,Ac_Rod Culbertson
12033,Ac_Paul Fox
12034,D_Shekhar Kapur
12035,Ac_Jonathan Rhys Meyers
12036,D_Todd Haynes
12037,Ac_Freddie Prinze Jr.
12038,Ac_Brandy Norwood
12039,Ac_Mekhi Phifer
12040,Ac_Jake Weber
12041,D_Martin Brest
12042,Ac_Eric Roberts
12043,Ac_Rebecca De Mornay
12044,Ac_Kyle T. Heffner
12045,D_Andrey Konchalovskiy
12046,Ac_Chloe Webb
12047,Ac_David Hayman
12048,Ac_Debby Bishop
12049,Ac_Lisa Bonet
12050,Ac_Greg Mottola
12051,Ac_Divine
12052,Ac_David Lochary
12053,Ac_Mary Vivian Pearce
12054,Ac_Mink Stole
12055,Ac_Jack Black
12056,Ac_Adrien Brody
12057,Ac_Joe Don Baker
12058,Ac_Dana Wheeler-Nicholson
12059,D_Michael Ritchie
12060,Ac_Steve Railsback
12061,Ac_Mathilda May
12062,Ac_Peter Firth
12063,Ac_Frank Finlay
12064,D_Tobe Hooper
12065,Ac_Steve Guttenberg
12066,Ac_G.W. Bailey
12067,Ac_Kim Cattrall
12068,Ac_Bubba Smith
12069,D_Hugh Wilson
12070,Ac_David Graf
12071,Ac_Michael Winslow
12072,D_Directors:Jerry Paris
12073,D_James Signorelli
12074,D_Jerry Paris
12075,D_Jim Drake
12076,Ac_Leslie Easterbrook
12077,D_Alan Myerson
12078,D_Peter Bonerz
12079,Ac_Elizabeth Daily
12080,Ac_Mickey Rooney
12081,D_George Miller
12082,D_Peter Berg
12083,Ac_Anthony Perkins
12084,Ac_Vera Miles
12085,Ac_John Gavin
12086,Ac_Joseph Cross
12087,Ac_Mark Addy
12088,D_Troy Miller
12089,Ac_Jason Schwartzman
12090,D_John Madden
12091,Ac_Edmund Gwenn
12092,Ac_Maureen O'Hara
12093,Ac_John Payne
12094,D_George Seaton
12095,Ac_Elizabeth Perkins
12096,Ac_Carrie Snodgress
12097,Ac_Sydney Penny
12098,Ac_Charles Napier
12099,Ac_Steven Berkoff
12100,D_George P. Cosmatos
12101,Ac_Bill McKinney
12102,Ac_Marc de Jonge
12103,Ac_Kurtwood Smith
12104,D_Peter MacDonald
12105,Ac_Zack Norman
12106,Ac_Don Ameche
12107,Ac_Wilford Brimley
12108,Ac_Hume Cronyn
12109,D_Sylvester Stallone
12110,Ac_Sage Stallone
12111,Ac_Keith Gordon
12112,D_Alan Metter
12113,Ac_Rade Serbedzija
12114,D_Ron Underwood
12115,Ac_Daniel London
12116,Ac_Monica Potter
12117,Ac_Jena Malone
12118,Ac_James Van Der Beek
12119,Ac_Paul Walker
12120,Ac_Ron Lester
12121,D_Brian Robbins
12122,Ac_Jeffrey Jones
12123,Ac_Ed Gale
12124,D_Willard Huyck
12125,Ac_Cameron Bright
12126,Ac_Vera Farmiga
12127,D_Wayne Kramer
12128,Ac_Judge Reinhold
12129,Ac_Helen Slater
12130,D_Directors:Jim Abrahams
12131,Ac_Barry Miller
12132,Ac_Catherine Hicks
12133,Ac_Paul Hogan
12134,Ac_Linda Kozlowski
12135,D_Peter Faiman
12136,Ac_Ernie Dingo
12137,D_John Cornell
12138,Ac_Moses Gunn
12139,Ac_Alfonso Arau
12140,Ac_Rachael Leigh Cook
12141,D_Robert Iscove
12142,Ac_Karlheinz Böhm
12143,Ac_Anna Massey
12144,Ac_Moira Shearer
12145,Ac_Maxine Audley
12146,D_Michael Powell
12147,Ac_Gregg Henry
12148,Ac_Maria Bello
12149,Ac_David Paymer
12150,Ac_John Savage
12151,D_Luis Mandoki
12152,Ac_Rose McGowan
12153,Ac_Julie Benz
12154,Ac_Alexandra Adi
12155,D_Darren Stein
12156,Ac_Jake Gyllenhaal
12157,Ac_Chris Owen
12158,Ac_Jennifer Aniston
12159,Ac_David Herman
12160,Ac_Ajay Naidu
12161,D_Mike Judge
12162,Ac_James Gandolfini
12163,Ac_Amy Seimetz
12164,Ac_Jeté Laurence
12165,D_Directors:Kevin Kölsch
12166,D_Dennis Widmyer
12167,Ac_Carol Ohmart
12168,Ac_Richard Long
12169,Ac_Alan Marshal
12170,D_William Castle
12171,Ac_Taye Diggs
12172,D_William Malone
12173,Ac_Yul Brynner
12174,Ac_Richard Benjamin
12175,Ac_James Brolin
12176,Ac_Norman Bartold
12177,D_Michael Crichton
12178,Ac_Richard Jordan
12179,Ac_Roscoe Lee Browne
12180,D_Michael Anderson
12181,Ac_Michael Clarke Duncan
12182,Ac_James Franciscus
12183,Ac_Kim Hunter
12184,Ac_Maurice Evans
12185,Ac_Linda Harrison
12186,D_Ted Post
12187,Ac_Claude Akins
12188,Ac_Natalie Trundy
12189,Ac_Severn Darden
12190,Ac_Don Murray
12191,Ac_Ricardo Montalban
12192,Ac_Bradford Dillman
12193,D_Don Taylor
12194,Ac_Selma Blair
12195,D_Roger Kumble
12196,Ac_Geneviève Bujold
12197,Ac_Heidi von Palleske
12198,Ac_Barbara Gordon
12199,D_Bob Clark
12200,D_Bronwen Hughes
12201,Ac_Robert Carlyle
12202,Ac_Jeremy Davies
12203,D_Antonia Bird
12204,Ac_Isaiah Washington
12205,Ac_LisaGay Hamilton
12206,Ac_Troy Garity
12207,Ac_Jenna Elfman
12208,Ac_Geoffrey Blake
12209,Ac_Gail Boggs
12210,Ac_Heath Ledger
12211,Ac_Julia Stiles
12212,Ac_Larisa Oleynik
12213,D_Gil Junger
12214,Ac_Jeremy Theobald
12215,Ac_Alex Haw
12216,Ac_Lucy Russell
12217,Ac_John Nolan
12218,Ac_Sarah Polley
12219,Ac_Scott Wolf
12220,Ac_Drew Barrymore
12221,Ac_Michael Vartan
12222,Ac_Molly Shannon
12223,Ac_Obba Babatundé
12224,Ac_Nick Cassavetes
12225,Ac_Michael A. Goorjian
12226,D_James Merendino
12227,Ac_Chris Klein
12228,Ac_Jessica Campbell
12229,D_Alexander Payne
12230,Ac_Ian Holm
12231,Ac_Gael García Bernal
12232,Ac_Alfredo Castro
12233,Ac_Antonia Zegers
12234,Ac_Luis Gnecco
12235,D_Pablo Larraín
12236,Ac_Catherine Zeta-Jones
12237,Ac_Will Patton
12238,Ac_Devon Sawa
12239,Ac_Seth Green
12240,Ac_Elden Henson
12241,Ac_Jessica Alba
12242,D_Rodman Flender
12243,Ac_Giovanni Ribisi
12244,Ac_Remo Girone
12245,Ac_Stefania Rocca
12246,D_Tom Tykwer
12247,Ac_Joan Crawford
12248,Ac_Zachary Scott
12249,Ac_Eve Arden
12250,Ac_Justin Long
12251,Ac_Chandler Canterbury
12252,D_Agnieszka Wojtowicz-Vosloo
12253,Ac_Natalie Portman
12254,Ac_Jake Lloyd
12255,D_George Lucas
12256,Ac_Margot Kidder
12257,D_Directors:Richard Lester
12258,Ac_Richard Pryor
12259,Ac_Jackie Cooper
12260,D_Richard Lester
12261,Ac_Bela Lugosi
12262,Ac_Helen Chandler
12263,Ac_David Manners
12264,Ac_Dwight Frye
12265,D_Directors:Tod Browning
12266,D_Karl Freund
12267,Ac_Peter Cushing
12268,Ac_Christopher Lee
12269,Ac_Michael Gough
12270,Ac_Melissa Stribling
12271,D_Terence Fisher
12272,Ac_Mae Clarke
12273,Ac_John Boles
12274,Ac_Kevin McCarthy
12275,Ac_Dana Wynter
12276,Ac_Larry Gates
12277,Ac_King Donovan
12278,D_Don Siegel
12279,Ac_Richard McCabe
12280,Ac_Rhys Ifans
12281,D_Roger Michell
12282,Ac_Robert Wagner
12283,Ac_Brian Blessed
12284,D_Directors:Chris Buck
12285,D_Kevin Lima
12286,Ac_Jon Stewart
12287,Ac_Cole Sprouse
12288,Ac_Harley Jane Kozak
12289,Ac_Jennifer Esposito
12290,Ac_Jason Biggs
12291,Ac_Thomas Ian Nicholas
12292,Ac_Jennifer Coolidge
12293,D_Directors:Paul Weitz
12294,D_Chris Weitz
12295,Ac_Hope Davis
12296,D_Mark Pellington
12297,Ac_Todd Field
12298,Ac_Sydney Pollack
12299,Ac_Brendan Gleeson
12300,Ac_Melissa McCarthy
12301,Ac_Kristen Wiig
12302,Ac_Kate McKinnon
12303,Ac_Leslie Jones
12304,D_Paul Feig
12305,Ac_Ellen Barkin
12306,Ac_Allison Janney
12307,D_Michael Patrick Jann
12308,Ac_Joely Fisher
12309,Ac_Michelle Trachtenberg
12310,D_David Kellogg
12311,Ac_Thomas Jane
12312,Ac_Saffron Burrows
12313,D_Kinka Usher
12314,Ac_Hector Elizondo
12315,Ac_Jean Simmons
12316,Ac_Charles Laughton
12317,Ac_Shelley Winters
12318,Ac_Sue Lyon
12319,Ac_Gary Cockrell
12320,Ac_Dominique Swain
12321,Ac_Ryan O'Neal
12322,Ac_Marisa Berenson
12323,Ac_Patrick Magee
12324,Ac_Hardy Krüger
12325,Ac_Ellen Greene
12326,Ac_Vincent Gardenia
12327,Ac_Levi Stubbs
12328,Ac_Mike Starr
12329,Ac_Paul Herman
12330,Ac_Christine Baranski
12331,Ac_Giuseppe Andrews
12332,Ac_James DeBello
12333,Ac_Sam Huntington
12334,D_Adam Rifkin
12335,Ac_Brigitte Nielsen
12336,Ac_Reni Santoni
12337,Ac_Andrew Robinson
12338,Ac_Alan King
12339,Ac_Kenneth McMillan
12340,D_Lewis Teague
12341,Ac_Michael Palin
12342,D_Ian MacNaughton
12343,Ac_Robert Hays
12344,Ac_Julie Hagerty
12345,Ac_Kareem Abdul-Jabbar
12346,Ac_Raymond Burr
12347,D_Ken Finkleman
12348,Ac_Ed Helms
12349,Ac_Christina Applegate
12350,Ac_Skyler Gisondo
12351,Ac_Steele Stebbins
12352,D_Directors:John Francis Daley
12353,D_Jonathan Goldstein
12354,Ac_Robert Loggia
12355,D_Penny Marshall
12356,Ac_Michael Oliver
12357,Ac_Gilbert Gottfried
12358,D_Robert Towne
12359,D_Directors:Kelly Makin
12360,D_Carl Gottlieb
12361,Ac_Ally Walker
12362,Ac_Ed O'Ross
12363,Ac_Cliff Robertson
12364,Ac_Zachary David Cope
12365,Ac_Illeana Douglas
12366,D_David Koepp
12367,Ac_Paul McCartney
12368,Ac_George Harrison
12369,Ac_Ringo Starr
12370,Ac_John Lennon
12371,D_George Dunning
12372,Ac_Wes Bentley
12373,D_Sam Mendes
12374,Ac_Peter Greene
12375,Ac_John C. Reilly
12376,Ac_Anton Yelchin
12377,Ac_Colin Farrell
12378,Ac_David Tennant
12379,D_Craig Gillespie
12380,Ac_Ronny Cox
12381,D_John Boorman
12382,Ac_Nigel Terry
12383,Ac_Nicholas Clay
12384,Ac_Cherie Lunghi
12385,Ac_Bruce Greenwood
12386,Ac_Benjamin Weir
12387,Ac_Spike Jonze
12388,D_David O. Russell
12389,Ac_Emily Blunt
12390,Ac_Jason Segel
12391,Ac_Amanda Peet
12392,D_Rob Letterman
12393,Ac_Meg Tilly
12394,D_Richard Franklin
12395,Ac_Toshirô Mifune
12396,Ac_Keiju Kobayashi
12397,Ac_Yûnosuke Itô
12398,Ac_Peter Sarsgaard
12399,Ac_Brendan Sexton III
12400,Ac_Richard Masur
12401,D_Paul Brickman
12402,Ac_Rachel Ticotin
12403,Ac_Ted Danson
12404,Ac_Alan Ruck
12405,Ac_Verna Bloom
12406,Ac_Marianna Hill
12407,Ac_Inger Stevens
12408,Ac_Ed Begley
12409,Ac_Queen Latifah
12410,Ac_Nikki Blonsky
12411,D_Adam Shankman
12412,Ac_Celia Johnson
12413,Ac_Trevor Howard
12414,Ac_Joyce Carey
12415,Ac_Brooke Adams
12416,Ac_Sam Shepard
12417,Ac_Linda Manz
12418,D_Terrence Malick
12419,Ac_Joel McCrea
12420,Ac_Veronica Lake
12421,Ac_Robert Warwick
12422,Ac_William Demarest
12423,D_Preston Sturges
12424,Ac_Rita Hayworth
12425,Ac_Glenn Ford
12426,D_Charles Vidor
12427,Ac_Jennifer Beals
12428,Ac_Michael Nouri
12429,Ac_Lilia Skala
12430,Ac_Sunny Johnson
12431,Ac_Gert Fröbe
12432,Ac_Honor Blackman
12433,Ac_Shirley Eaton
12434,D_Guy Hamilton
12435,Ac_Robert Shaw
12436,Ac_Lotte Lenya
12437,Ac_Daniela Bianchi
12438,D_Terence Young
12439,Ac_Ursula Andress
12440,Ac_Bernard Lee
12441,Ac_Joseph Wiseman
12442,Ac_Meat Loaf
12443,Ac_Zach Grenier
12444,Ac_Jimmy Fallon
12445,Ac_Jason Spevack
12446,Ac_Jack Kehler
12447,Ac_Klaus Kinski
12448,Ac_José Lewgoy
12449,Ac_Miguel Ángel Fuentes
12450,D_Werner Herzog
12451,Ac_Ann Reinking
12452,Ac_Leland Palmer
12453,D_Bob Fosse
12454,Ac_Bill Bernstein
12455,Ac_Claire Bloom
12456,Ac_Peter Weller
12457,Ac_Joel Kinnaman
12458,Ac_Abbie Cornish
12459,D_José Padilha
12460,Ac_Belinda Bauer
12461,D_Irvin Kershner
12462,Ac_Joanna Cassidy
12463,Ac_Charles Fleischer
12464,Ac_Roger Moore
12465,Ac_Carole Bouquet
12466,Ac_Topol
12467,Ac_Lynn-Holly Johnson
12468,D_John Glen
12469,Ac_Timothy Dalton
12470,Ac_Robert Davi
12471,Ac_Carey Lowell
12472,Ac_Talisa Soto
12473,Ac_Yaphet Kotto
12474,Ac_Clifton James
12475,Ac_Claudine Auger
12476,Ac_Adolfo Celi
12477,Ac_Luciana Paluzzi
12478,D_Spike Jonze
12479,Ac_Eva Mendes
12480,Ac_Guillaume Canet
12481,D_Massy Tadjedin
12482,Ac_Hal Holbrook
12483,Ac_Adrienne Barbeau
12484,Ac_E.G. Marshall
12485,D_George A. Romero
12486,Ac_Jeffrey Combs
12487,Ac_Bruce Abbott
12488,Ac_Barbara Crampton
12489,Ac_David Gale
12490,D_Stuart Gordon
12491,Ac_James Le Gros
12492,Ac_Barbara Hershey
12493,Ac_Jamie Foxx
12494,Ac_Ben Mendelsohn
12495,Ac_Eve Hewson
12496,D_Otto Bathurst
12497,Ac_Brian Bedford
12498,Ac_Phil Harris
12499,Ac_Roger Miller
12500,Ac_Peter Ustinov
12501,D_Directors:Wolfgang Reitherman
12502,Ac_Chief Dan George
12503,Ac_Lois Hall
12504,Ac_Sô Yamamura
12505,D_Directors:Richard Fleischer
12506,D_Kinji Fukasaku
12507,D_Toshio Masuda
12508,Ac_Cher
12509,Ac_Danny Aiello
12510,Ac_Will Geer
12511,Ac_Delle Bolton
12512,Ac_Josh Albee
12513,Ac_Ian Hendry
12514,Ac_John Fraser
12515,Ac_Yvonne Furneaux
12516,Ac_Miranda Richardson
12517,Ac_John Forsythe
12518,Ac_John Glover
12519,Ac_Wallace Ford
12520,Ac_William H. Lynn
12521,Ac_Victoria Horne
12522,D_Henry Koster
12523,Ac_Tsutomu Yamazaki
12524,Ac_Ken'ichi Hagiwara
12525,Ac_Rene Auberjonois
12526,Ac_William Devane
12527,Ac_Ellen Latzen
12528,Ac_Charles Grodin
12529,Ac_John Ashton
12530,Ac_Julie Kavner
12531,Ac_Ruth Nelson
12532,Ac_Robin Tunney
12533,Ac_Kevin Pollak
12534,D_Directors:John Lasseter
12535,D_Ash Brannon
12536,D_Lee Unkrich
12537,Ac_Samantha Morton
12538,Ac_Ben Duncan
12539,Ac_Eddie Griffin
12540,Ac_Arija Bareikis
12541,D_Mike Mitchell
12542,Ac_Chow Yun-Fat
12543,Ac_Bai Ling
12544,Ac_Tom Felton
12545,Ac_Hugh Laurie
12546,Ac_Jonathan Lipnicki
12547,D_Rob Minkoff
12548,Ac_James Levine
12549,Ac_Itzhak Perlman
12550,Ac_Quincy Jones
12551,D_Gaëtan Brizzi
12552,D_Paul Brizzi
12553,D_Hendel Butoy
12554,D_Francis Glebas
12555,D_Don Hahn
12556,D_Pixote Hunt
12557,Ac_Peter Fonda
12558,Ac_Antonio Mendoza
12559,D_Dennis Hopper
12560,Ac_Gerry Becker
12561,Ac_Greyson Erik Pendry
12562,Ac_Tony Shalhoub
12563,D_Dean Parisot
12564,Ac_Mike Epps
12565,Ac_John Witherspoon
12566,D_Steve Carr
12567,Ac_Clea DuVall
12568,Ac_Don Taylor
12569,Ac_Otto Preminger
12570,Ac_Robert Strauss
12571,Ac_Steve McQueen
12572,Ac_Victor Jory
12573,Ac_Don Gordon
12574,Ac_Charlie Hunnam
12575,Ac_Damijan Oklopdzic
12576,Ac_Christopher Fairbank
12577,Ac_Jason Ryan
12578,D_Michael Noer
12579,Ac_Billy Green Bush
12580,Ac_Fannie Flagg
12581,D_Bob Rafelson
12582,D_Gene Quintano
12583,Ac_Robert Romanus
12584,Ac_Kevin Conroy
12585,Ac_Hart Bochner
12586,D_Directors:Kevin Altieri
12587,D_Boyd Kirkland
12588,D_Frank Paur
12589,D_Dan Riba
12590,D_Eric Radomski
12591,D_Bruce Timm
12592,Ac_Megan Ward
12593,Ac_Spike Lee
12594,Ac_Maggie Smith
12595,Ac_Wendy Makkena
12596,Ac_Barnard Hughes
12597,D_Bill Duke
12598,Ac_Vincent Spano
12599,Ac_Josh Hamilton
12600,Ac_Bruce Ramsay
12601,Ac_Chris O'Donnell
12602,Ac_James Rebhorn
12603,Ac_Gabrielle Anwar
12604,Ac_Dana Carvey
12605,Ac_Tia Carrere
12606,D_Stephen Surjik
12607,Ac_Patrick Bergin
12608,Ac_Thomas Gibson
12609,Ac_Vanessa Redgrave
12610,D_James Ivory
12611,Ac_Campbell Scott
12612,Ac_Sheila Kelley
12613,Ac_Ray Wise
12614,Ac_Mädchen Amick
12615,Ac_Dana Ashbrook
12616,Ac_Tyra Ferrell
12617,Ac_Kristy Swanson
12618,D_Fran Rubel Kuzui
12619,Ac_Estelle Getty
12620,Ac_JoBeth Williams
12621,Ac_Isabel Glasser
12622,Ac_Casey Siemaszko
12623,D_Gary Sinise
12624,Ac_Brian McElroy
12625,Ac_Frank Acciarito
12626,Ac_Peggy Gormley
12627,Ac_Liev Schreiber
12628,Ac_Peter Friedman
12629,D_Barbet Schroeder
12630,Ac_Vin Diesel
12631,Ac_Nicky Katt
12632,D_Ben Younger
12633,Ac_Radha Mitchell
12634,Ac_Cole Hauser
12635,D_David Twohy
12636,Ac_Charles Chaplin
12637,Ac_Virginia Cherrill
12638,Ac_Florence Lee
12639,Ac_Harry Myers
12640,D_Charles Chaplin
12641,Ac_James Frain
12642,Ac_Robert Downey Jr.
12643,Ac_Henry Silva
12644,Ac_John Tormey
12645,Ac_Cliff Gorman
12646,Ac_Lauren Bacall
12647,D_John Huston
12648,Ac_Maximilian Schell
12649,D_Sam Peckinpah
12650,Ac_Sheb Wooley
12651,Ac_John Cazale
12652,Ac_Penelope Allen
12653,Ac_Sully Boyar
12654,Ac_Ron Howard
12655,Ac_Paul Le Mat
12656,Ac_Charles Martin Smith
12657,Ac_Mary Ure
12658,Ac_Patrick Wymark
12659,D_Brian G. Hutton
12660,Ac_Melinda Dillon
12661,Ac_Margaret Langrick
12662,Ac_Joshua Rudoy
12663,Ac_Billy Zane
12664,Ac_David Brisbin
12665,Ac_Dawn Didawick
12666,Ac_Lee Strasberg
12667,Ac_Ruby Dee
12668,Ac_Richard Edson
12669,Ac_Hope Lange
12670,Ac_Steven Keats
12671,D_Michael Winner
12672,Ac_Camila Morrone
12673,D_Eli Roth
12674,Ac_Fred MacMurray
12675,Ac_Barbara Stanwyck
12676,Ac_Byron Barr
12677,Ac_Judith Hoag
12678,Ac_Josh Pais
12679,Ac_David Forman
12680,Ac_Megan Fox
12681,Ac_Will Arnett
12682,Ac_William Fichtner
12683,Ac_Noel Fisher
12684,D_Jonathan Liebesman
12685,Ac_Paige Turco
12686,Ac_Michelan Sisti
12687,Ac_Leif Tilden
12688,D_Michael Pressman
12689,Ac_Sab Shimono
12690,D_Stuart Gillard
12691,Ac_C. Thomas Howell
12692,Ac_Chris Hemsworth
12693,Ac_Isabel Lucas
12694,Ac_Josh Hutcherson
12695,Ac_Josh Peck
12696,D_Dan Bradley
12697,Ac_Donald Gibb
12698,Ac_Leah Ayres
12699,Ac_Norman Burton
12700,D_Newt Arnold
12701,Ac_Tom. T. Tran
12702,Ac_Chintara Sukapatana
12703,Ac_Burgess Meredith
12704,D_Donald Petrie
12705,Ac_Spencer Tracy
12706,Ac_Katharine Houghton
12707,D_Stanley Kramer
12708,Ac_Aaliyah
12709,Ac_Russell Wong
12710,D_Andrzej Bartkowiak
12711,Ac_Balthazar Getty
12712,Ac_Chris Furrh
12713,Ac_Danuel Pipoly
12714,Ac_James Badge Dale
12715,D_Harry Hook
12716,Ac_Paulette Goddard
12717,Ac_Henry Bergman
12718,Ac_Tiny Sandford
12719,Ac_Fredric March
12720,Ac_Dick York
12721,Ac_Maksim Munzuk
12722,Ac_Yuriy Solomin
12723,Ac_Mikhail Bychkov
12724,Ac_Vladimir Khrulyov
12725,Ac_François Truffaut
12726,Ac_Teri Garr
12727,Ac_Debi Mazar
12728,Ac_Leo McKern
12729,Ac_Iben Hjejle
12730,Ac_Todd Louiso
12731,Ac_Hailee Steinfeld
12732,Ac_Josh Brolin
12733,D_Directors:Ethan Coen
12734,D_Joel Coen
12735,Ac_John Wayne
12736,Ac_Glen Campbell
12737,Ac_Jeremy Slate
12738,D_Henry Hathaway
12739,Ac_Brad Davis
12740,Ac_Irene Miracle
12741,Ac_Bo Hopkins
12742,Ac_Paolo Bonacelli
12743,Ac_Richard Farnsworth
12744,Ac_Frances Sternhagen
12745,Ac_Peter Finch
12746,Ac_Shawn Doyle
12747,Ac_Elizabeth Mitchell
12748,D_William Friedkin
12749,Ac_Masatoshi Nagase
12750,Ac_Yûki Kudô
12751,Ac_Screamin' Jay Hawkins
12752,Ac_Cinqué Lee
12753,Ac_Dudley Moore
12754,Ac_Liza Minnelli
12755,Ac_Geraldine Fitzgerald
12756,D_Steve Gordon
12757,Ac_Russell Brand
12758,Ac_Jennifer Garner
12759,Ac_Greta Gerwig
12760,D_Jason Winer
12761,Ac_Tawny Kitaen
12762,Ac_Adrian Zmed
12763,Ac_George Grizzard
12764,D_Neal Israel
12765,Ac_Kevin Peter Hall
12766,Ac_Elpidia Carrillo
12767,Ac_Dominic West
12768,Ac_Justin Theroux
12769,Ac_Josh Lucas
12770,Ac_Bill Sage
12771,D_Mary Harron
12772,D_Edward Norton
12773,Ac_Helmut Griem
12774,Ac_Joel Grey
12775,Ac_Victor Buono
12776,Ac_Wesley Addy
12777,D_Robert Aldrich
12778,Ac_Ted Knight
12779,Ac_Jon Bon Jovi
12780,D_Matt Williams
12781,Ac_John Simm
12782,Ac_Lorraine Pilkington
12783,Ac_Shaun Parkes
12784,Ac_Nicola Reynolds
12785,D_Justin Kerrigan
12786,Ac_Felicity Jones
12787,Ac_Irrfan Khan
12788,Ac_Ben Foster
12789,Ac_Frederick Koehler
12790,Ac_Taliesin Jaffe
12791,D_Stan Dragoti
12792,Ac_Mark Holton
12793,Ac_Diane Salinger
12794,Ac_D.B. Sweeney
12795,Ac_Julianna Margulies
12796,Ac_Samuel E. Wright
12797,Ac_Alfre Woodard
12798,D_Directors:Eric Leighton
12799,D_Ralph Zondag
12800,Ac_Mena Suvari
12801,Ac_Zak Orth
12802,Ac_Thomas Sadoski
12803,Ac_Breckin Meyer
12804,Ac_Seann William Scott
12805,Ac_Amy Smart
12806,Ac_Paulo Costanzo
12807,D_Todd Phillips
12808,Ac_Tracey Ullman
12809,Ac_Carolyn Saxon
12810,Ac_Isabelle Adjani
12811,Ac_Margit Carstensen
12812,Ac_Heinz Bennent
12813,D_Andrzej Zulawski
12814,Ac_Lucy Liu
12815,Ac_Brandon Merrill
12816,D_Tom Dey
12817,Ac_Candace Hilligoss
12818,Ac_Frances Feist
12819,Ac_Sidney Berger
12820,Ac_Art Ellison
12821,D_Herk Harvey
12822,Ac_George Lazenby
12823,Ac_Diana Rigg
12824,Ac_Telly Savalas
12825,Ac_Gabriele Ferzetti
12826,D_Peter R. Hunt
12827,Ac_Lois Chiles
12828,Ac_Michael Lonsdale
12829,Ac_Richard Kiel
12830,D_Lewis Gilbert
12831,Ac_Paul Giamatti
12832,Ac_Jascha Washington
12833,Ac_Lauren Hutton
12834,Ac_Nina van Pallandt
12835,D_Paul Schrader
12836,Ac_Leonard Whiting
12837,Ac_Olivia Hussey
12838,Ac_John McEnery
12839,D_Franco Zeffirelli
12840,Ac_Cleavon Little
12841,Ac_Slim Pickens
12842,Ac_Harvey Korman
12843,Ac_Bing Crosby
12844,Ac_Danny Kaye
12845,Ac_Rosemary Clooney
12846,Ac_Vera-Ellen
12847,Ac_David Soul
12848,Ac_John Getz
12849,Ac_M. Emmet Walsh
12850,Ac_Elliot Page
12851,Ac_Diego Luna
12852,Ac_Nina Dobrev
12853,Ac_James Norton
12854,D_Niels Arden Oplev
12855,Ac_Dan Monahan
12856,Ac_Mark Herrier
12857,Ac_Wyatt Knight
12858,Ac_Roger Wilson
12859,Ac_Rubén Blades
12860,Ac_Joanne Samuel
12861,Ac_Hugh Keays-Byrne
12862,Ac_Steve Bisley
12863,Ac_Tina Turner
12864,Ac_Bruce Spence
12865,Ac_Adam Cockburn
12866,D_Directors:George Miller
12867,D_George Ogilvie
12868,Ac_David Carradine
12869,Ac_Bill Duke
12870,Ac_Charlotte Rampling
12871,Ac_Margaret Whitton
12872,Ac_David Margulies
12873,Ac_David Keith
12874,Ac_Freddie Jones
12875,D_Mark L. Lester
12876,Ac_Austin Stoker
12877,Ac_Darwin Joston
12878,Ac_Laurie Zimmer
12879,Ac_Martin West
12880,D_Jean-François Richet
12881,Ac_John Randolph
12882,Ac_Jack Kehoe
12883,Ac_Biff McGuire
12884,Ac_Dennis Dun
12885,Ac_James Hong
12886,Ac_Ramon Bieri
12887,Ac_Jessie T. Usher
12888,Ac_Regina Hall
12889,D_Tim Story
12890,Ac_Jeffrey Wright
12891,D_John Singleton
12892,Ac_Julia Sawalha
12893,Ac_Phil Daniels
12894,Ac_Lynn Ferguson
12895,D_Directors:Peter Lord
12896,D_Nick Park
12897,Ac_Geoffrey Lewis
12898,D_Michael Cimino
12899,Ac_Anna Faris
12900,Ac_Jon Abrahams
12901,Ac_Carmen Electra
12902,D_Keenen Ivory Wayans
12903,Ac_Natasha Lyonne
12904,Ac_Michelle Williams
12905,Ac_Brandt Wille
12906,D_Jamie Babbit
12907,Ac_Lori Singer
12908,D_Herbert Ross
12909,Ac_Kenny Wormald
12910,Ac_Julianne Hough
12911,D_Craig Brewer
12912,Ac_Hugh Jackman
12913,Ac_Katharine Towne
12914,Ac_Miranda Otto
12915,Ac_Lee Remick
12916,Ac_Arthur O'Connell
12917,Ac_Georges Adet
12918,Ac_Frank Adu
12919,Ac_Janet Jackson
12920,Ac_Larry Miller
12921,Ac_John Ales
12922,Ac_Elaine Stritch
12923,D_Joan Chen
12924,Ac_Piper Perabo
12925,Ac_Adam Garcia
12926,D_David McNally
12927,Ac_Kim Dickens
12928,Ac_Carroll O'Connor
12929,Ac_Ken Jenkins
12930,Ac_Alan Ladd
12931,Ac_Van Heflin
12932,Ac_Brandon De Wilde
12933,Ac_Eliza Dushku
12934,Ac_Gabrielle Union
12935,D_Peyton Reed
12936,D_Neil LaBute
12937,Ac_Billy Crudup
12938,Ac_Patrick Fugit
12939,Ac_Kate Hudson
12940,Ac_Monica Bellucci
12941,Ac_Björk
12942,Ac_David Morse
12943,Ac_Wood Harris
12944,Ac_Ryan Hurst
12945,Ac_Odessa A’zion
12946,Ac_Jamie Clayton
12947,Ac_Adam Faison
12948,Ac_Drew Starkey
12949,D_David Bruckner
12950,Ac_Eszter Balint
12951,Ac_Cecillia Stark
12952,Ac_Michael Caine
12953,Ac_Britt Ekland
12954,Ac_John Osborne
12955,D_Mike Hodges
12956,Ac_Rhona Mitra
12957,D_Stephen Kay
12958,Ac_Teri Polo
12959,Ac_Blythe Danner
12960,Ac_Ellen Burstyn
12961,Ac_Matthew Davis
12962,Ac_Clifton Collins Jr.
12963,Ac_Tom Guiry
